PRAGMA foreign_keys=OFF;
BEGIN TRANSACTION;
CREATE TABLE "django_migrations" ("id" integer NOT NULL PRIMARY KEY AUTOINCREMENT, "app" varchar(255) NOT NULL, "name" varchar(255) NOT NULL, "applied" datetime NOT NULL);
INSERT INTO "django_migrations" VALUES(1,'contenttypes','0001_initial','2016-01-28 18:39:14.282709');
INSERT INTO "django_migrations" VALUES(2,'auth','0001_initial','2016-01-28 18:39:14.541294');
INSERT INTO "django_migrations" VALUES(3,'admin','0001_initial','2016-01-28 18:39:14.776020');
INSERT INTO "django_migrations" VALUES(4,'contenttypes','0002_remove_content_type_name','2016-01-28 18:39:15.095178');
INSERT INTO "django_migrations" VALUES(5,'auth','0002_alter_permission_name_max_length','2016-01-28 18:39:15.330158');
INSERT INTO "django_migrations" VALUES(6,'auth','0003_alter_user_email_max_length','2016-01-28 18:39:15.591504');
INSERT INTO "django_migrations" VALUES(7,'auth','0004_alter_user_username_opts','2016-01-28 18:39:15.846569');
INSERT INTO "django_migrations" VALUES(8,'auth','0005_alter_user_last_login_null','2016-01-28 18:39:16.105526');
INSERT INTO "django_migrations" VALUES(9,'auth','0006_require_contenttypes_0002','2016-01-28 18:39:16.211554');
INSERT INTO "django_migrations" VALUES(10,'sessions','0001_initial','2016-01-28 18:39:16.497791');
INSERT INTO "django_migrations" VALUES(11,'location','0001_initial','2016-01-28 18:41:15.241213');
INSERT INTO "django_migrations" VALUES(12,'commons','0001_initial','2016-01-28 18:41:37.842731');
INSERT INTO "django_migrations" VALUES(13,'commons','0002_persontype','2016-01-28 18:46:59.533306');
INSERT INTO "django_migrations" VALUES(14,'people','0001_initial','2016-01-28 18:50:11.834324');
INSERT INTO "django_migrations" VALUES(15,'commons','0003_auto_20160128_1450','2016-01-28 18:50:53.237024');
INSERT INTO "django_migrations" VALUES(16,'employees','0001_initial','2016-01-28 18:54:20.279589');
INSERT INTO "django_migrations" VALUES(17,'employees','0002_employeefamily','2016-01-28 18:55:55.874003');
INSERT INTO "django_migrations" VALUES(18,'housing','0001_initial','2016-01-28 19:17:49.428145');
INSERT INTO "django_migrations" VALUES(19,'members','0001_initial','2016-01-28 19:23:29.784572');
INSERT INTO "django_migrations" VALUES(20,'doctors','0001_initial','2016-01-28 19:29:40.951170');
INSERT INTO "django_migrations" VALUES(21,'suppliers','0001_initial','2016-01-28 19:36:01.029667');
INSERT INTO "django_migrations" VALUES(22,'doctors','0002_auto_20160128_1615','2016-01-28 20:15:23.276864');
INSERT INTO "django_migrations" VALUES(23,'people','0002_auto_20160128_1738','2016-01-28 21:38:15.558047');
INSERT INTO "django_migrations" VALUES(24,'suppliers','0002_auto_20160129_1025','2016-01-29 14:25:46.816435');
INSERT INTO "django_migrations" VALUES(25,'doctors','0003_auto_20160129_1152','2016-01-29 15:52:19.714297');
INSERT INTO "django_migrations" VALUES(26,'suppliers','0003_auto_20160129_1152','2016-01-29 15:52:19.820341');
INSERT INTO "django_migrations" VALUES(27,'employees','0003_employeelevel','2016-01-31 06:18:36.552256');
INSERT INTO "django_migrations" VALUES(28,'suppliers','0004_auto_20160131_0218','2016-01-31 06:18:36.739991');
INSERT INTO "django_migrations" VALUES(29,'employees','0004_employee_employee_lavel','2016-01-31 06:24:41.854698');
INSERT INTO "django_migrations" VALUES(30,'employees','0005_auto_20160131_0227','2016-01-31 06:27:20.754223');
INSERT INTO "django_migrations" VALUES(31,'employees','0006_remove_employee_employee_level','2016-01-31 15:22:48.341022');
INSERT INTO "django_migrations" VALUES(32,'employees','0007_auto_20160131_1126','2016-01-31 15:26:40.742908');
INSERT INTO "django_migrations" VALUES(33,'employees','0008_auto_20160131_1129','2016-01-31 15:29:15.396078');
INSERT INTO "django_migrations" VALUES(34,'employees','0009_auto_20160131_1131','2016-01-31 15:31:40.899594');
INSERT INTO "django_migrations" VALUES(35,'members','0002_auto_20160203_1116','2016-02-03 15:16:25.448755');
INSERT INTO "django_migrations" VALUES(36,'people','0003_auto_20160203_1116','2016-02-03 15:16:25.562052');
INSERT INTO "django_migrations" VALUES(37,'people','0004_auto_20160203_1243','2016-02-03 16:44:03.449101');
INSERT INTO "django_migrations" VALUES(38,'commons','0004_auto_20160203_1243','2016-02-03 16:44:03.721497');
INSERT INTO "django_migrations" VALUES(39,'people','0005_auto_20160203_1244','2016-02-03 16:44:41.523158');
INSERT INTO "django_migrations" VALUES(40,'people','0006_auto_20160204_0019','2016-02-04 04:19:41.067518');
INSERT INTO "django_migrations" VALUES(41,'doctors','0004_auto_20160205_1432','2016-02-05 18:32:55.875170');
INSERT INTO "django_migrations" VALUES(42,'members','0003_member_member_number','2016-02-05 18:44:16.611520');
INSERT INTO "django_migrations" VALUES(43,'doctors','0005_auto_20160205_1449','2016-02-05 18:49:48.166289');
INSERT INTO "django_migrations" VALUES(44,'doctors','0006_auto_20160205_1458','2016-02-05 18:58:24.400116');
INSERT INTO "django_migrations" VALUES(45,'doctors','0007_auto_20160205_1545','2016-02-05 19:45:53.394206');
INSERT INTO "django_migrations" VALUES(46,'doctors','0008_auto_20160205_1623','2016-02-05 20:23:57.315241');
INSERT INTO "django_migrations" VALUES(47,'doctors','0009_auto_20160205_1641','2016-02-05 20:41:52.878817');
INSERT INTO "django_migrations" VALUES(48,'doctors','0010_auto_20160205_1644','2016-02-05 20:44:17.040175');
INSERT INTO "django_migrations" VALUES(49,'members','0004_auto_20160205_1623','2016-02-05 20:44:17.437673');
INSERT INTO "django_migrations" VALUES(50,'doctors','0011_auto_20160206_1732','2016-02-06 21:33:05.540501');
INSERT INTO "django_migrations" VALUES(51,'members','0005_auto_20160206_1732','2016-02-06 21:33:06.035219');
INSERT INTO "django_migrations" VALUES(52,'doctors','0012_auto_20160206_1803','2016-02-06 22:04:02.206665');
INSERT INTO "django_migrations" VALUES(53,'housing','0002_housematerialceilling_housematerialfloor_housematerialwall','2016-02-06 22:04:02.245590');
INSERT INTO "django_migrations" VALUES(54,'members','0006_house','2016-02-06 22:04:02.365356');
INSERT INTO "django_migrations" VALUES(55,'members','0007_member_academic_level','2016-02-10 01:15:22.534964');
INSERT INTO "django_migrations" VALUES(56,'employees','0010_employee_academic_level','2016-02-10 01:15:45.432732');
INSERT INTO "django_migrations" VALUES(57,'doctors','0013_auto_20160209_2120','2016-02-10 01:20:17.823338');
INSERT INTO "django_migrations" VALUES(58,'doctors','0014_auto_20160209_2211','2016-02-10 02:11:33.390157');
INSERT INTO "django_migrations" VALUES(59,'doctors','0015_auto_20160209_2212','2016-02-10 02:12:12.063529');
INSERT INTO "django_migrations" VALUES(60,'doctors','0016_auto_20160209_2214','2016-02-10 02:14:43.895677');
INSERT INTO "django_migrations" VALUES(61,'employees','0011_auto_20160209_2223','2016-02-10 02:23:23.821093');
INSERT INTO "django_migrations" VALUES(62,'doctors','0017_auto_20160210_1527','2016-02-10 19:30:28.009122');
INSERT INTO "django_migrations" VALUES(63,'members','0008_auto_20160209_2120','2016-02-10 19:30:28.442139');
INSERT INTO "django_migrations" VALUES(64,'people','0007_auto_20160210_1527','2016-02-10 19:30:28.885425');
INSERT INTO "django_migrations" VALUES(65,'doctors','0018_auto_20160210_1618','2016-02-10 20:18:48.226314');
INSERT INTO "django_migrations" VALUES(66,'doctors','0019_auto_20160215_1621','2016-02-15 20:22:05.345550');
INSERT INTO "django_migrations" VALUES(67,'members','0009_member_is_mother','2016-02-15 20:22:05.711148');
INSERT INTO "django_migrations" VALUES(68,'housing','0003_auto_20160215_2303','2016-02-16 03:03:47.418297');
INSERT INTO "django_migrations" VALUES(69,'people','0008_auto_20160215_2303','2016-02-16 03:03:47.558847');
INSERT INTO "django_migrations" VALUES(70,'housing','0004_auto_20160215_2320','2016-02-16 03:20:34.298756');
INSERT INTO "django_migrations" VALUES(71,'housing','0005_auto_20160215_2326','2016-02-16 03:26:54.961051');
INSERT INTO "django_migrations" VALUES(72,'commons','0005_auto_20160216_0133','2016-03-07 19:57:26.282869');
INSERT INTO "django_migrations" VALUES(73,'doctors','0020_auto_20160216_0133','2016-03-07 19:57:26.566450');
INSERT INTO "django_migrations" VALUES(74,'doctors','0021_auto_20160403_1030','2016-04-03 14:31:18.182532');
INSERT INTO "django_migrations" VALUES(75,'employees','0012_auto_20160403_1030','2016-04-03 14:31:18.361304');
INSERT INTO "django_migrations" VALUES(76,'housing','0006_auto_20160403_1217','2016-04-03 16:19:36.946481');
INSERT INTO "django_migrations" VALUES(77,'members','0002_auto_20160403_1219','2016-04-03 16:19:37.286196');
INSERT INTO "django_migrations" VALUES(78,'members','0003_auto_20160403_1220','2016-04-03 16:20:33.542846');
INSERT INTO "django_migrations" VALUES(79,'members','0004_auto_20160403_1233','2016-04-03 16:33:21.941863');
INSERT INTO "django_migrations" VALUES(80,'members','0005_auto_20160403_1233','2016-04-03 16:33:45.852597');
INSERT INTO "django_migrations" VALUES(81,'report_builder','0001_initial','2016-05-15 23:06:56.283210');
INSERT INTO "django_migrations" VALUES(82,'report_builder','0002_auto_20150201_1809','2016-05-15 23:06:57.513252');
INSERT INTO "django_migrations" VALUES(83,'report_builder','0003_auto_20150720_1549','2016-05-15 23:06:57.800512');
INSERT INTO "django_migrations" VALUES(84,'doctors','0002_auto_20160521_1751','2016-05-21 21:51:25.414147');
INSERT INTO "django_migrations" VALUES(85,'doctors','0003_auto_20160521_1755','2016-05-21 21:55:45.068276');
CREATE TABLE "thumbnail_kvstore" ("key" varchar(200) NOT NULL PRIMARY KEY, "value" text NOT NULL);
INSERT INTO "thumbnail_kvstore" VALUES('sorl-thumbnail||image||0066c84c12a44cd97d3d493662329c2a','{"storage": "django.core.files.storage.FileSystemStorage", "name": "suppliers_logos/google-drive-transparent.png", "size": [200, 200]}');
INSERT INTO "thumbnail_kvstore" VALUES('sorl-thumbnail||image||18a987505a6ab82505a06a6b34d50f8a','{"storage": "django.core.files.storage.FileSystemStorage", "name": "cache/8e/59/8e592432a106809dae1d3ecb5fa9f68a.png", "size": [80, 80]}');
INSERT INTO "thumbnail_kvstore" VALUES('sorl-thumbnail||thumbnails||0066c84c12a44cd97d3d493662329c2a','["18a987505a6ab82505a06a6b34d50f8a"]');
INSERT INTO "thumbnail_kvstore" VALUES('sorl-thumbnail||image||c05398c30a36f01f7ba7cf9a5388bd26','{"storage": "django.core.files.storage.FileSystemStorage", "name": "people_pictures/Selection_006.png", "size": [1014, 707]}');
INSERT INTO "thumbnail_kvstore" VALUES('sorl-thumbnail||image||612904b81ded7c16cbe835e2af0d1357','{"storage": "django.core.files.storage.FileSystemStorage", "name": "cache/43/0b/430b567adb8a5590331daba3997ce7bf.png", "size": [115, 80]}');
INSERT INTO "thumbnail_kvstore" VALUES('sorl-thumbnail||thumbnails||c05398c30a36f01f7ba7cf9a5388bd26','["612904b81ded7c16cbe835e2af0d1357"]');
INSERT INTO "thumbnail_kvstore" VALUES('sorl-thumbnail||image||541b3f2f4381c368819cbab59aa24733','{"storage": "django.core.files.storage.FileSystemStorage", "name": "people_pictures/google-drive-transparent.png", "size": [200, 200]}');
INSERT INTO "thumbnail_kvstore" VALUES('sorl-thumbnail||image||42e987f1401667801efc1a3130814b4a','{"storage": "django.core.files.storage.FileSystemStorage", "name": "cache/a0/a6/a0a68a6310ec94a2024864d283df636c.png", "size": [80, 80]}');
INSERT INTO "thumbnail_kvstore" VALUES('sorl-thumbnail||thumbnails||541b3f2f4381c368819cbab59aa24733','["42e987f1401667801efc1a3130814b4a"]');
INSERT INTO "thumbnail_kvstore" VALUES('sorl-thumbnail||image||f2b0971a1d320f8b13b966c9cc2e7f78','{"storage": "django.core.files.storage.FileSystemStorage", "name": "people_pictures/Selection_043.png", "size": [299, 240]}');
INSERT INTO "thumbnail_kvstore" VALUES('sorl-thumbnail||image||3a73256e5a9e024df4991515ee251534','{"storage": "django.core.files.storage.FileSystemStorage", "name": "cache/9c/c6/9cc63aa053f488f63d0782e27a7fadcd.png", "size": [100, 80]}');
INSERT INTO "thumbnail_kvstore" VALUES('sorl-thumbnail||thumbnails||f2b0971a1d320f8b13b966c9cc2e7f78','["3a73256e5a9e024df4991515ee251534"]');
INSERT INTO "thumbnail_kvstore" VALUES('sorl-thumbnail||image||7ee54dbf4c61ce8ef1a0c6d6f7b8278f','{"storage": "django.core.files.storage.FileSystemStorage", "name": "people_pictures/google-drive-transparent_PwV4YRj.png", "size": [200, 200]}');
INSERT INTO "thumbnail_kvstore" VALUES('sorl-thumbnail||image||615a3f9526d27559fbaca1d744b27d1a','{"storage": "django.core.files.storage.FileSystemStorage", "name": "cache/c2/8b/c28b04252d95ce65b477e977bbf11a6f.png", "size": [80, 80]}');
INSERT INTO "thumbnail_kvstore" VALUES('sorl-thumbnail||thumbnails||7ee54dbf4c61ce8ef1a0c6d6f7b8278f','["615a3f9526d27559fbaca1d744b27d1a"]');
INSERT INTO "thumbnail_kvstore" VALUES('sorl-thumbnail||image||6f80dfc0d4fcb0ced392e87c1d9acebb','{"storage": "django.core.files.storage.FileSystemStorage", "name": "people_pictures/google-drive-transparent_ZyP1Z4p.png", "size": [200, 200]}');
INSERT INTO "thumbnail_kvstore" VALUES('sorl-thumbnail||image||2afd21dd67eb283ab064eb1158f32ff7','{"storage": "django.core.files.storage.FileSystemStorage", "name": "cache/74/ad/74ad27a8b9ec2444cc635e4d8f3241f6.png", "size": [80, 80]}');
INSERT INTO "thumbnail_kvstore" VALUES('sorl-thumbnail||thumbnails||6f80dfc0d4fcb0ced392e87c1d9acebb','["2afd21dd67eb283ab064eb1158f32ff7"]');
INSERT INTO "thumbnail_kvstore" VALUES('sorl-thumbnail||image||35ede8c0849910a1b6f04fb45861322f','{"storage": "django.core.files.storage.FileSystemStorage", "name": "people_pictures/images.jpg", "size": [262, 192]}');
INSERT INTO "thumbnail_kvstore" VALUES('sorl-thumbnail||image||c3a25f6597a7b18aad805e49253a7a1b','{"storage": "django.core.files.storage.FileSystemStorage", "name": "cache/ea/dd/eadd86a92d89366896314170ac600935.jpg", "size": [109, 80]}');
INSERT INTO "thumbnail_kvstore" VALUES('sorl-thumbnail||thumbnails||35ede8c0849910a1b6f04fb45861322f','["c3a25f6597a7b18aad805e49253a7a1b"]');
INSERT INTO "thumbnail_kvstore" VALUES('sorl-thumbnail||image||759b644afdc6cc060f625403d5129772','{"storage": "django.core.files.storage.FileSystemStorage", "name": "people_pictures/persona5.jpg", "size": [223, 226]}');
INSERT INTO "thumbnail_kvstore" VALUES('sorl-thumbnail||image||a6cf86878a929a568b69b170576c9467','{"storage": "django.core.files.storage.FileSystemStorage", "name": "cache/ab/5a/ab5aa33fd9d9b6f34760529d2884f75c.jpg", "size": [79, 80]}');
INSERT INTO "thumbnail_kvstore" VALUES('sorl-thumbnail||thumbnails||759b644afdc6cc060f625403d5129772','["a6cf86878a929a568b69b170576c9467"]');
INSERT INTO "thumbnail_kvstore" VALUES('sorl-thumbnail||image||2ddc4fd7088fbe4c70dd50b6a13b7700','{"storage": "django.core.files.storage.FileSystemStorage", "name": "people_pictures/persona1.png", "size": [325, 358]}');
INSERT INTO "thumbnail_kvstore" VALUES('sorl-thumbnail||image||cb12e0d48b30b87ea0464dbe870135b0','{"storage": "django.core.files.storage.FileSystemStorage", "name": "cache/7a/5c/7a5cc77a63d5749cb9e8568c6d8d12cb.png", "size": [73, 80]}');
INSERT INTO "thumbnail_kvstore" VALUES('sorl-thumbnail||thumbnails||2ddc4fd7088fbe4c70dd50b6a13b7700','["cb12e0d48b30b87ea0464dbe870135b0"]');
INSERT INTO "thumbnail_kvstore" VALUES('sorl-thumbnail||image||482f23a8ae841d77bc814b5a39d114a3','{"storage": "django.core.files.storage.FileSystemStorage", "name": "people_pictures/persona3.jpg", "size": [80, 108]}');
INSERT INTO "thumbnail_kvstore" VALUES('sorl-thumbnail||image||b2f4da5aacb992f67244eb7bc307cd92','{"storage": "django.core.files.storage.FileSystemStorage", "name": "cache/47/2e/472e6e255587bfcd6a891f17319bc40b.jpg", "size": [59, 80]}');
INSERT INTO "thumbnail_kvstore" VALUES('sorl-thumbnail||thumbnails||482f23a8ae841d77bc814b5a39d114a3','["b2f4da5aacb992f67244eb7bc307cd92"]');
INSERT INTO "thumbnail_kvstore" VALUES('sorl-thumbnail||image||f5f26804890c7d13db4b335c9c035e6a','{"storage": "django.core.files.storage.FileSystemStorage", "name": "suppliers_logos/union_medica.jpg", "size": [174, 106]}');
INSERT INTO "thumbnail_kvstore" VALUES('sorl-thumbnail||image||2646b1fc376414f3500ce8004d65ec14','{"storage": "django.core.files.storage.FileSystemStorage", "name": "cache/c4/c5/c4c537e1695b493e26f83989b18aa80f.jpg", "size": [131, 80]}');
INSERT INTO "thumbnail_kvstore" VALUES('sorl-thumbnail||thumbnails||f5f26804890c7d13db4b335c9c035e6a','["2646b1fc376414f3500ce8004d65ec14"]');
INSERT INTO "thumbnail_kvstore" VALUES('sorl-thumbnail||image||6de71e49717d29dad4170bec50b58ddd','{"storage": "django.core.files.storage.FileSystemStorage", "name": "suppliers_logos/maxan_papeleria.gif", "size": [180, 150]}');
INSERT INTO "thumbnail_kvstore" VALUES('sorl-thumbnail||image||1e18c3048377f0c2920419ce68d7f592','{"storage": "django.core.files.storage.FileSystemStorage", "name": "cache/af/95/af952917a94aebc945ca7f5898f5c8dc.jpg", "size": [96, 80]}');
INSERT INTO "thumbnail_kvstore" VALUES('sorl-thumbnail||thumbnails||6de71e49717d29dad4170bec50b58ddd','["1e18c3048377f0c2920419ce68d7f592"]');
INSERT INTO "thumbnail_kvstore" VALUES('sorl-thumbnail||image||7f8bdf93d0bf67fe6704b4373b7503e8','{"storage": "django.core.files.storage.FileSystemStorage", "name": "people_pictures/persona2_miSxdNH.jpg", "size": [262, 192]}');
INSERT INTO "thumbnail_kvstore" VALUES('sorl-thumbnail||image||3e9639dd09fe02deb23f79d5ef5acdcc','{"storage": "django.core.files.storage.FileSystemStorage", "name": "cache/25/e7/25e7193de1c1b861e3ea5f29c806a740.jpg", "size": [109, 80]}');
INSERT INTO "thumbnail_kvstore" VALUES('sorl-thumbnail||thumbnails||7f8bdf93d0bf67fe6704b4373b7503e8','["3e9639dd09fe02deb23f79d5ef5acdcc"]');
CREATE TABLE "auth_group" ("id" integer NOT NULL PRIMARY KEY AUTOINCREMENT, "name" varchar(80) NOT NULL UNIQUE);
INSERT INTO "auth_group" VALUES(1,'Manage Employees');
INSERT INTO "auth_group" VALUES(2,'Manage Members');
INSERT INTO "auth_group" VALUES(3,'Manage Doctors');
INSERT INTO "auth_group" VALUES(4,'Manage Suppliers');
CREATE TABLE "auth_group_permissions" ("id" integer NOT NULL PRIMARY KEY AUTOINCREMENT, "group_id" integer NOT NULL REFERENCES "auth_group" ("id"), "permission_id" integer NOT NULL REFERENCES "auth_permission" ("id"), UNIQUE ("group_id", "permission_id"));
INSERT INTO "auth_group_permissions" VALUES(31,1,64);
INSERT INTO "auth_group_permissions" VALUES(32,1,65);
INSERT INTO "auth_group_permissions" VALUES(33,1,70);
INSERT INTO "auth_group_permissions" VALUES(34,1,71);
INSERT INTO "auth_group_permissions" VALUES(35,1,73);
INSERT INTO "auth_group_permissions" VALUES(36,1,74);
INSERT INTO "auth_group_permissions" VALUES(37,1,76);
INSERT INTO "auth_group_permissions" VALUES(38,1,77);
INSERT INTO "auth_group_permissions" VALUES(39,1,79);
INSERT INTO "auth_group_permissions" VALUES(40,1,80);
INSERT INTO "auth_group_permissions" VALUES(41,1,82);
INSERT INTO "auth_group_permissions" VALUES(42,1,83);
INSERT INTO "auth_group_permissions" VALUES(43,1,85);
INSERT INTO "auth_group_permissions" VALUES(44,1,86);
INSERT INTO "auth_group_permissions" VALUES(45,1,88);
INSERT INTO "auth_group_permissions" VALUES(46,1,89);
INSERT INTO "auth_group_permissions" VALUES(47,1,157);
INSERT INTO "auth_group_permissions" VALUES(48,1,158);
INSERT INTO "auth_group_permissions" VALUES(71,3,128);
INSERT INTO "auth_group_permissions" VALUES(72,3,133);
INSERT INTO "auth_group_permissions" VALUES(73,3,134);
INSERT INTO "auth_group_permissions" VALUES(74,3,157);
INSERT INTO "auth_group_permissions" VALUES(75,3,158);
INSERT INTO "auth_group_permissions" VALUES(76,3,127);
INSERT INTO "auth_group_permissions" VALUES(108,4,142);
INSERT INTO "auth_group_permissions" VALUES(109,4,157);
INSERT INTO "auth_group_permissions" VALUES(110,4,158);
INSERT INTO "auth_group_permissions" VALUES(111,4,143);
INSERT INTO "auth_group_permissions" VALUES(122,2,64);
INSERT INTO "auth_group_permissions" VALUES(123,2,65);
INSERT INTO "auth_group_permissions" VALUES(124,2,172);
INSERT INTO "auth_group_permissions" VALUES(125,2,173);
INSERT INTO "auth_group_permissions" VALUES(126,2,110);
INSERT INTO "auth_group_permissions" VALUES(127,2,109);
INSERT INTO "auth_group_permissions" VALUES(128,2,115);
INSERT INTO "auth_group_permissions" VALUES(129,2,116);
INSERT INTO "auth_group_permissions" VALUES(130,2,157);
INSERT INTO "auth_group_permissions" VALUES(131,2,158);
CREATE TABLE "auth_user_groups" ("id" integer NOT NULL PRIMARY KEY AUTOINCREMENT, "user_id" integer NOT NULL REFERENCES "auth_user" ("id"), "group_id" integer NOT NULL REFERENCES "auth_group" ("id"), UNIQUE ("user_id", "group_id"));
INSERT INTO "auth_user_groups" VALUES(2,2,1);
INSERT INTO "auth_user_groups" VALUES(6,3,2);
INSERT INTO "auth_user_groups" VALUES(7,3,3);
INSERT INTO "auth_user_groups" VALUES(8,3,4);
CREATE TABLE "auth_user_user_permissions" ("id" integer NOT NULL PRIMARY KEY AUTOINCREMENT, "user_id" integer NOT NULL REFERENCES "auth_user" ("id"), "permission_id" integer NOT NULL REFERENCES "auth_permission" ("id"), UNIQUE ("user_id", "permission_id"));
CREATE TABLE "django_admin_log" ("id" integer NOT NULL PRIMARY KEY AUTOINCREMENT, "action_time" datetime NOT NULL, "object_id" text NULL, "object_repr" varchar(200) NOT NULL, "action_flag" smallint unsigned NOT NULL, "change_message" text NOT NULL, "content_type_id" integer NULL REFERENCES "django_content_type" ("id"), "user_id" integer NOT NULL REFERENCES "auth_user" ("id"));
INSERT INTO "django_admin_log" VALUES(1,'2016-01-28 20:31:27.840428','1','Juan Manuel De la Rosa ',1,'',29,1);
INSERT INTO "django_admin_log" VALUES(2,'2016-01-28 20:40:49.775954','1','Juan Manuel De la Rosa ',2,'No fields changed.',29,1);
INSERT INTO "django_admin_log" VALUES(3,'2016-01-28 21:01:26.898436','1','Juan Manuel De la Rosa ',2,'Changed birth_day for Employee Family "Ana María De la Rosa ".',29,1);
INSERT INTO "django_admin_log" VALUES(4,'2016-01-28 21:03:16.376435','1','Manage Employees',2,'Changed permissions.',3,1);
INSERT INTO "django_admin_log" VALUES(5,'2016-01-28 21:04:07.436171','2','employeesadmin',1,'',4,1);
INSERT INTO "django_admin_log" VALUES(6,'2016-01-28 21:04:28.194906','2','employeesadmin',2,'Changed groups.',4,1);
INSERT INTO "django_admin_log" VALUES(7,'2016-01-28 21:04:38.782709','2','employeesadmin',2,'Changed is_staff.',4,1);
INSERT INTO "django_admin_log" VALUES(8,'2016-01-28 21:07:13.691547','1','Manage Employees',2,'Changed permissions.',3,1);
INSERT INTO "django_admin_log" VALUES(9,'2016-01-29 13:41:11.651786','3','Ramona Altagracia Contreras ',1,'',37,1);
INSERT INTO "django_admin_log" VALUES(10,'2016-01-29 13:44:08.284011','3','Ramona Altagracia Contreras ',2,'Added Member Family "Julia Maria Almanzar Contreras".',37,1);
INSERT INTO "django_admin_log" VALUES(11,'2016-01-29 14:22:52.737137','1','Centro Médico Cibao',1,'',40,1);
INSERT INTO "django_admin_log" VALUES(12,'2016-01-29 14:27:33.871039','1','Centro Médico Cibao',2,'Changed email.',40,1);
INSERT INTO "django_admin_log" VALUES(13,'2016-01-29 14:29:17.845766','2','Clínica Bonilla',1,'',40,1);
INSERT INTO "django_admin_log" VALUES(14,'2016-01-29 14:32:06.617732','3','Clínica Corominas',1,'',40,1);
INSERT INTO "django_admin_log" VALUES(15,'2016-01-29 14:32:59.556628','4','Clínica Unión Médica',1,'',40,1);
INSERT INTO "django_admin_log" VALUES(16,'2016-01-29 14:33:03.793821','4','Clínica Unión Médica',2,'No fields changed.',40,1);
INSERT INTO "django_admin_log" VALUES(17,'2016-01-29 14:34:18.316124','5','Hospital Cabral y Báez',1,'',40,1);
INSERT INTO "django_admin_log" VALUES(18,'2016-01-29 14:35:37.091763','6','Hospital de Ojos Monumento Viviente',1,'',40,1);
INSERT INTO "django_admin_log" VALUES(19,'2016-01-29 14:36:25.416580','7','Hospital Metropolitado de Santiago (HOMS)',1,'',40,1);
INSERT INTO "django_admin_log" VALUES(20,'2016-01-29 14:37:25.229936','8','Hospital Periférico Bella Vista',1,'',40,1);
INSERT INTO "django_admin_log" VALUES(21,'2016-01-29 14:37:58.759003','9','Instituto Oftalmológico',1,'',40,1);
INSERT INTO "django_admin_log" VALUES(22,'2016-01-29 14:39:15.987303','10','Seguro Social',1,'',40,1);
INSERT INTO "django_admin_log" VALUES(23,'2016-01-29 14:44:13.476792','5','Fernando Antonio Fernandez ',1,'',42,1);
INSERT INTO "django_admin_log" VALUES(24,'2016-01-29 14:48:40.355166','5','Fernando Antonio Fernandez ',2,'Changed specialities.',42,1);
INSERT INTO "django_admin_log" VALUES(25,'2016-01-29 15:55:00.580846','1','Ramona Altagracia Contreras  with Fernando Antonio Fernandez  at Clínica Bonilla',1,'',43,1);
INSERT INTO "django_admin_log" VALUES(26,'2016-01-29 15:59:09.764294','1','Ramona Altagracia Contreras  with Fernando Antonio Fernandez  at Clínica Bonilla',2,'Added Prescribed Medicine "Lagrimax 1.0 G 8.0 cada H".',43,1);
INSERT INTO "django_admin_log" VALUES(27,'2016-01-29 20:54:49.984294','5','Fernando Antonio Fernandez ',2,'Changed clinic.',42,1);
INSERT INTO "django_admin_log" VALUES(28,'2016-01-29 20:55:23.590592','5','Fernando Antonio Fernandez ',2,'No fields changed.',42,1);
INSERT INTO "django_admin_log" VALUES(29,'2016-01-29 21:55:22.590501','6','Marcos Antonio Aybar ',1,'',48,1);
INSERT INTO "django_admin_log" VALUES(30,'2016-01-29 22:35:08.399394','6','Marcos Antonio Aybar ',2,'Added Phone "Marcos Antonio Aybar  829-582-3456".',48,1);
INSERT INTO "django_admin_log" VALUES(31,'2016-01-29 22:47:18.782650','11','Farmacia San Luis',1,'',47,1);
INSERT INTO "django_admin_log" VALUES(32,'2016-01-29 22:55:13.563381','11','Farmacia San Luis',2,'Added Supplier Contact "Luisa María Alvares ".',47,1);
INSERT INTO "django_admin_log" VALUES(33,'2016-01-31 05:32:23.922547','8','Angel Manuel Rodriguez ',1,'',29,1);
INSERT INTO "django_admin_log" VALUES(40,'2016-01-31 06:28:34.486536','1','Juan Manuel De la Rosa ',2,'Changed employee_level.',29,1);
INSERT INTO "django_admin_log" VALUES(41,'2016-01-31 06:28:48.803229','8','Angel Manuel Rodriguez ',2,'Changed employee_level.',29,1);
INSERT INTO "django_admin_log" VALUES(42,'2016-01-31 15:32:30.169727','1','Presidente',2,'Changed position_level.',26,1);
INSERT INTO "django_admin_log" VALUES(43,'2016-01-31 15:32:39.912616','2','Vice-presidente',2,'Changed position_level.',26,1);
INSERT INTO "django_admin_log" VALUES(44,'2016-01-31 15:32:55.133067','3','Profesor(a)',2,'Changed position_level.',26,1);
INSERT INTO "django_admin_log" VALUES(45,'2016-01-31 15:33:05.388787','4','Conserge',2,'Changed position_level.',26,1);
INSERT INTO "django_admin_log" VALUES(46,'2016-01-31 15:33:14.102534','5','Secretaria',2,'Changed position_level.',26,1);
INSERT INTO "django_admin_log" VALUES(47,'2016-01-31 15:43:30.860184','9','María José Rosario Almonte',1,'',29,1);
INSERT INTO "django_admin_log" VALUES(48,'2016-01-31 15:50:00.125364','10','Juana María Santos ',1,'',29,1);
INSERT INTO "django_admin_log" VALUES(49,'2016-01-31 22:50:52.492997','11','Pablo García ',1,'',37,1);
INSERT INTO "django_admin_log" VALUES(50,'2016-01-31 22:54:00.142275','11','Pablo García ',2,'Changed email.',37,1);
INSERT INTO "django_admin_log" VALUES(51,'2016-02-01 14:50:08.086983','4','Family Phone',1,'',16,1);
INSERT INTO "django_admin_log" VALUES(52,'2016-02-01 14:50:18.782263','1','Juan Manuel De la Rosa ',2,'Añadido/a "Juan Manuel De la Rosa  809-675-4321" Phone.',29,1);
INSERT INTO "django_admin_log" VALUES(53,'2016-02-02 21:29:29.804062','6','Encargado de Mercadeo',1,'',26,1);
INSERT INTO "django_admin_log" VALUES(54,'2016-02-02 21:30:28.502707','13','José Ramón Contreras ',1,'',29,1);
INSERT INTO "django_admin_log" VALUES(55,'2016-02-02 21:32:46.952530','13','José Ramón Contreras ',2,'No ha cambiado ningún campo.',29,1);
INSERT INTO "django_admin_log" VALUES(56,'2016-02-02 21:43:46.417976','13','José Ramón Contreras ',2,'Modificado/a birth_day.',29,1);
INSERT INTO "django_admin_log" VALUES(57,'2016-02-02 21:52:01.107631','13','José Ramón Contreras ',2,'No ha cambiado ningún campo.',29,1);
INSERT INTO "django_admin_log" VALUES(58,'2016-02-02 21:52:29.886977','13','José Ramón Contreras ',2,'Modificado/a birth_day.',29,1);
INSERT INTO "django_admin_log" VALUES(59,'2016-02-02 21:55:00.375940','13','José Ramón Contreras ',2,'Modificado/a birth_day.',29,1);
INSERT INTO "django_admin_log" VALUES(60,'2016-02-02 21:59:48.768939','13','José Ramón Contreras ',2,'No ha cambiado ningún campo.',29,1);
INSERT INTO "django_admin_log" VALUES(61,'2016-02-02 22:00:01.748008','13','José Ramón Contreras ',2,'Modificado/a birth_day.',29,1);
INSERT INTO "django_admin_log" VALUES(62,'2016-02-02 22:01:31.854988','13','José Ramón Contreras ',2,'No ha cambiado ningún campo.',29,1);
INSERT INTO "django_admin_log" VALUES(63,'2016-02-02 22:01:41.498148','13','José Ramón Contreras ',2,'Modificado/a birth_day.',29,1);
INSERT INTO "django_admin_log" VALUES(64,'2016-02-02 22:03:00.486378','13','José Ramón Contreras ',2,'No ha cambiado ningún campo.',29,1);
INSERT INTO "django_admin_log" VALUES(65,'2016-02-02 22:03:11.227069','13','José Ramón Contreras ',2,'Modificado/a birth_day.',29,1);
INSERT INTO "django_admin_log" VALUES(66,'2016-02-03 03:58:30.350836','14','Alajandro Martinez ',1,'',29,1);
INSERT INTO "django_admin_log" VALUES(67,'2016-02-03 04:17:39.043219','14','Alajandro Martinez ',2,'No ha cambiado ningún campo.',29,1);
INSERT INTO "django_admin_log" VALUES(68,'2016-02-03 04:18:45.104166','14','Alajandro Martinez ',2,'No ha cambiado ningún campo.',29,1);
INSERT INTO "django_admin_log" VALUES(69,'2016-02-03 04:19:06.276132','14','Alajandro Martinez ',2,'Modificado/a birth_day.',29,1);
INSERT INTO "django_admin_log" VALUES(70,'2016-02-03 04:19:41.761330','14','Alajandro Martinez ',2,'No ha cambiado ningún campo.',29,1);
INSERT INTO "django_admin_log" VALUES(71,'2016-02-03 04:28:09.790834','14','Alejandro Martinez ',2,'Modificado/a names y birth_day.',29,1);
INSERT INTO "django_admin_log" VALUES(72,'2016-02-03 04:28:34.679360','13','José Ramón Contreras ',2,'Modificado/a birth_day.',29,1);
INSERT INTO "django_admin_log" VALUES(73,'2016-02-03 04:39:28.524742','14','Alejandro Martinez ',2,'Modificado/a hiring_date.',29,1);
INSERT INTO "django_admin_log" VALUES(74,'2016-02-03 15:12:08.875779','15','Amalfy Eugenia Mendosa ',1,'',37,1);
INSERT INTO "django_admin_log" VALUES(75,'2016-02-03 15:12:32.749517','15','Amalfy Eugenia Mendosa ',2,'Modificado/a birth_day.',37,1);
INSERT INTO "django_admin_log" VALUES(76,'2016-02-03 15:12:45.657896','15','Amalfy Eugenia Mendosa ',2,'Modificado/a gender.',37,1);
INSERT INTO "django_admin_log" VALUES(77,'2016-02-03 15:18:31.621598','11','Pablo García ',2,'Añadido/a "Pablo Junior García " Member Family.',37,1);
INSERT INTO "django_admin_log" VALUES(78,'2016-02-03 15:38:06.601383','5','Fernando Antonio Fernandez ',2,'Modificado/a specialities.',42,1);
INSERT INTO "django_admin_log" VALUES(79,'2016-02-03 20:42:19.202910','5','Fernando Antonio Fernandez ',2,'Añadido/a "Fernando Antonio Fernandez  829-567-0001" Phone. Añadido/a "Fernando Antonio Fernandez  829-567-0002" Phone. Añadido/a "Fernando Antonio Fernandez  829-567-0003" Phone.',42,1);
INSERT INTO "django_admin_log" VALUES(80,'2016-02-03 20:44:24.436964','17','Ana María Polo ',1,'',42,1);
INSERT INTO "django_admin_log" VALUES(81,'2016-02-03 20:44:57.670597','17','Ana María Polo ',2,'Modificado/a email.',42,1);
INSERT INTO "django_admin_log" VALUES(82,'2016-02-03 21:57:07.586710','18','Juan Manuel Cerrat ',1,'',42,1);
INSERT INTO "django_admin_log" VALUES(83,'2016-02-03 21:58:34.953143','18','Juan Manuel Cerrat ',2,'Añadido/a "Juan Manuel Cerrat  809-123-0001" Phone. Añadido/a "Juan Manuel Cerrat  809-123-0002" Phone. Añadido/a "Juan Manuel Cerrat  809-123-0003" Phone.',42,1);
INSERT INTO "django_admin_log" VALUES(84,'2016-02-03 21:58:51.130281','18','Juan Manuel Cerrat ',2,'No ha cambiado ningún campo.',42,1);
INSERT INTO "django_admin_log" VALUES(85,'2016-02-03 22:00:39.125641','18','Juan Manuel Cerrat ',2,'No ha cambiado ningún campo.',42,1);
INSERT INTO "django_admin_log" VALUES(86,'2016-02-03 22:09:14.664488','19','Rosa María Fernandez ',1,'',42,1);
INSERT INTO "django_admin_log" VALUES(87,'2016-02-04 03:49:27.486913','62','Psicología',1,'',41,1);
INSERT INTO "django_admin_log" VALUES(88,'2016-02-04 03:50:32.926592','20','Ana Simó ',1,'',42,1);
INSERT INTO "django_admin_log" VALUES(89,'2016-02-04 04:00:25.263596','21','Plutarco Arias ',1,'',42,1);
INSERT INTO "django_admin_log" VALUES(90,'2016-02-04 04:04:38.436082','21','Plutarco Arias ',2,'Modificados default para "Plutarco Arias  829-567-0001" Phone.',42,1);
INSERT INTO "django_admin_log" VALUES(91,'2016-02-04 04:04:48.056760','19','Rosa María Fernandez ',2,'Modificados default para "Rosa María Fernandez  829-567-0003" Phone.',42,1);
INSERT INTO "django_admin_log" VALUES(92,'2016-02-04 04:05:00.272997','18','Juan Manuel Cerrat ',2,'Modificados default para "Juan Manuel Cerrat  809-123-0003" Phone.',42,1);
INSERT INTO "django_admin_log" VALUES(93,'2016-02-04 04:05:10.571872','17','Ana María Polo ',2,'Modificados default para "Ana María Polo  829-581-0006" Phone.',42,1);
INSERT INTO "django_admin_log" VALUES(94,'2016-02-04 04:31:54.111475','14','Alejandro Martinez ',2,'Añadido/a "Alejandro Martinez  809-678-0987" Phone.',29,1);
INSERT INTO "django_admin_log" VALUES(95,'2016-02-04 04:32:46.738535','13','José Ramón Contreras ',2,'Añadido/a "José Ramón Contreras  829-765-0001" Phone.',29,1);
INSERT INTO "django_admin_log" VALUES(96,'2016-02-04 04:33:49.312107','13','José Ramón Contreras ',2,'Añadido/a "José Ramón Contreras  829-567-0002" Phone.',29,1);
INSERT INTO "django_admin_log" VALUES(97,'2016-02-04 04:35:06.272917','10','Juana María Santos ',2,'Añadido/a "Juana María Santos  809-345-4321" Phone.',29,1);
INSERT INTO "django_admin_log" VALUES(98,'2016-02-04 04:35:27.079778','9','María José Rosario Almonte',2,'Añadido/a "María José Rosario Almonte 829-876-5432" Phone.',29,1);
INSERT INTO "django_admin_log" VALUES(99,'2016-02-04 04:36:19.313293','14','Alejandro Martinez ',2,'Modificado/a status.',29,1);
INSERT INTO "django_admin_log" VALUES(100,'2016-02-04 20:46:27.103523','7','Luisa María Alvares ',2,'Añadido/a "829-567-4523" Phone. Añadido/a "809-765-3412" Phone.',48,1);
INSERT INTO "django_admin_log" VALUES(101,'2016-02-04 21:00:52.177673','1','Manage Employees',2,'Modificado/a permissions.',3,1);
INSERT INTO "django_admin_log" VALUES(102,'2016-02-04 21:02:48.887558','3','Miércoles',2,'Modificado/a name.',27,2);
INSERT INTO "django_admin_log" VALUES(103,'2016-02-04 21:05:08.901230','3','Manage Doctors',2,'Modificado/a permissions.',3,1);
INSERT INTO "django_admin_log" VALUES(104,'2016-02-04 21:05:52.901599','3','membersadmin',1,'',4,1);
INSERT INTO "django_admin_log" VALUES(105,'2016-02-04 21:06:06.269112','3','membersadmin',2,'Modificado/a is_staff y groups.',4,1);
INSERT INTO "django_admin_log" VALUES(106,'2016-02-04 21:10:45.733608','2','Amalfy Eugenia Mendosa  with Plutarco Arias  at Clínica Unión Médica',1,'',43,3);
INSERT INTO "django_admin_log" VALUES(107,'2016-02-04 21:14:57.161231','3','Pablo García  with Juan Manuel Cerrat  at Seguro Social',1,'',43,3);
INSERT INTO "django_admin_log" VALUES(108,'2016-02-04 21:19:36.391674','4','Pablo García  with Ana María Polo  at Clínica Unión Médica',1,'',43,3);
INSERT INTO "django_admin_log" VALUES(109,'2016-02-04 21:28:43.792905','4','Ramona Altagracia Contreras  with Ana María Polo  at Clínica Unión Médica',2,'Modificado/a member.',43,1);
INSERT INTO "django_admin_log" VALUES(110,'2016-02-04 22:03:18.932298','3','Manage Doctors',2,'Modificado/a permissions.',3,1);
INSERT INTO "django_admin_log" VALUES(111,'2016-02-04 22:07:29.746904','3','Manage Doctors',2,'Modificado/a permissions.',3,1);
INSERT INTO "django_admin_log" VALUES(112,'2016-02-04 22:09:16.630750','2','Manage Members',2,'Modificado/a permissions.',3,1);
INSERT INTO "django_admin_log" VALUES(113,'2016-02-04 22:09:35.906761','3','membersadmin',2,'Modificado/a groups.',4,1);
INSERT INTO "django_admin_log" VALUES(114,'2016-02-04 22:12:21.652924','2','Manage Members',2,'Modificado/a permissions.',3,1);
INSERT INTO "django_admin_log" VALUES(115,'2016-02-04 22:14:39.520383','4','Manage Suppliers',2,'Modificado/a permissions.',3,1);
INSERT INTO "django_admin_log" VALUES(116,'2016-02-04 22:16:22.356913','3','membersadmin',2,'Modificado/a groups.',4,1);
INSERT INTO "django_admin_log" VALUES(117,'2016-02-04 22:18:24.780691','4','Manage Suppliers',2,'Modificado/a permissions.',3,1);
INSERT INTO "django_admin_log" VALUES(118,'2016-02-04 22:22:19.249133','4','Manage Suppliers',2,'Modificado/a permissions.',3,1);
INSERT INTO "django_admin_log" VALUES(119,'2016-02-04 22:22:59.736741','4','Manage Suppliers',2,'Modificado/a permissions.',3,1);
INSERT INTO "django_admin_log" VALUES(120,'2016-02-04 22:34:33.325251','2','Manage Members',2,'Modificado/a permissions.',3,1);
INSERT INTO "django_admin_log" VALUES(121,'2016-02-05 20:08:09.693128','22','Vladimir Oscar Gonzalez ',1,'',37,3);
INSERT INTO "django_admin_log" VALUES(122,'2016-02-05 21:22:42.582653','23','Víctor Manuel Ceballos ',1,'',37,3);
INSERT INTO "django_admin_log" VALUES(123,'2016-02-06 21:15:37.452400','15','Amalfy Eugenia Mendosa ',2,'Añadido/a "829-567-0001" Phone. Añadido/a "829-567-0002" Phone.',37,3);
INSERT INTO "django_admin_log" VALUES(124,'2016-02-06 21:16:22.713453','11','Pablo García ',2,'Añadido/a "829-581-0004" Phone. Añadido/a "829-581-0005" Phone.',37,3);
INSERT INTO "django_admin_log" VALUES(125,'2016-02-06 21:17:12.413625','3','Ramona Altagracia Contreras ',2,'Añadido/a "829-567-0001" Phone. Añadido/a "829-567-0002" Phone.',37,3);
INSERT INTO "django_admin_log" VALUES(126,'2016-02-06 21:19:53.483991','24','Marcos Eugenio Mendez ',1,'',37,3);
INSERT INTO "django_admin_log" VALUES(127,'2016-02-06 22:08:09.663453','24','Marcos Eugenio Mendez ',2,'Añadido/a "Marcos Eugenio Mendez  Own" house.',37,1);
INSERT INTO "django_admin_log" VALUES(128,'2016-02-06 22:08:25.151792','23','Víctor Manuel Ceballos ',2,'Añadido/a "Víctor Manuel Ceballos  Rent" house.',37,1);
INSERT INTO "django_admin_log" VALUES(129,'2016-02-06 22:11:03.403829','2','Manage Members',2,'Modificado/a permissions.',3,1);
INSERT INTO "django_admin_log" VALUES(130,'2016-02-06 22:16:08.711177','15','Amalfy Eugenia Mendosa ',2,'Añadido/a "Amalfy Eugenia Mendosa  Rent" house.',37,3);
INSERT INTO "django_admin_log" VALUES(131,'2016-02-06 22:16:28.746011','22','Vladimir Oscar Gonzalez ',2,'Añadido/a "Vladimir Oscar Gonzalez  Provided" house.',37,3);
INSERT INTO "django_admin_log" VALUES(132,'2016-02-06 22:17:01.623355','11','Pablo García ',2,'Añadido/a "Pablo García  Rent" house.',37,3);
INSERT INTO "django_admin_log" VALUES(133,'2016-02-06 22:17:15.182267','3','Ramona Altagracia Contreras ',2,'Añadido/a "Ramona Altagracia Contreras  Rent" house.',37,3);
INSERT INTO "django_admin_log" VALUES(134,'2016-02-07 19:30:37.694864','24','Marcos Eugenio Mendez ',2,'Añadido/a "829-876-5432" Phone.',37,1);
INSERT INTO "django_admin_log" VALUES(135,'2016-02-07 19:32:20.486295','24','Marcos Eugenio Mendez ',2,'Añadido/a "Carla Maria Contreras " Member Family.',37,1);
INSERT INTO "django_admin_log" VALUES(136,'2016-02-07 19:57:18.908755','14','Alejandro Martinez ',2,'Modificado/a status.',29,1);
INSERT INTO "django_admin_log" VALUES(137,'2016-02-10 01:19:12.792664','24','Marcos Eugenio Mendez ',2,'Modificado/a academic_level.',37,1);
INSERT INTO "django_admin_log" VALUES(138,'2016-02-10 01:21:24.762724','23','Víctor Manuel Ceballos ',2,'Modificado/a academic_level.',37,1);
INSERT INTO "django_admin_log" VALUES(139,'2016-02-10 01:21:34.889033','22','Vladimir Oscar Gonzalez ',2,'Modificado/a academic_level.',37,1);
INSERT INTO "django_admin_log" VALUES(140,'2016-02-10 01:21:59.750957','15','Amalfy Eugenia Mendosa ',2,'Modificado/a academic_level.',37,1);
INSERT INTO "django_admin_log" VALUES(141,'2016-02-10 01:22:09.153450','11','Pablo García ',2,'Modificado/a academic_level.',37,1);
INSERT INTO "django_admin_log" VALUES(142,'2016-02-10 01:22:20.289398','3','Ramona Altagracia Contreras ',2,'Modificado/a academic_level.',37,1);
INSERT INTO "django_admin_log" VALUES(143,'2016-02-10 01:22:33.488560','11','Pablo García ',2,'Modificado/a academic_level.',37,1);
INSERT INTO "django_admin_log" VALUES(144,'2016-02-10 02:19:32.956682','8','Angel Manuel Rodriguez ',2,'Modificado/a academic_level. Añadido/a "829-567-0001" Phone.',29,1);
INSERT INTO "django_admin_log" VALUES(145,'2016-02-10 02:20:54.707543','1','Juan Manuel De la Rosa ',2,'Modificado/a academic_level. Añadido/a "829-582-3456" Phone.',29,1);
INSERT INTO "django_admin_log" VALUES(146,'2016-02-10 02:21:25.504651','9','María José Rosario Almonte',2,'Modificado/a academic_level y dependent_of.',29,1);
INSERT INTO "django_admin_log" VALUES(147,'2016-02-10 02:22:03.088622','14','Alejandro Martinez ',2,'Modificado/a academic_level.',29,1);
INSERT INTO "django_admin_log" VALUES(148,'2016-02-10 02:22:14.253778','10','Juana María Santos ',2,'Modificado/a academic_level.',29,1);
INSERT INTO "django_admin_log" VALUES(149,'2016-02-10 02:22:35.806534','13','José Ramón Contreras ',2,'Modificado/a academic_level.',29,1);
INSERT INTO "django_admin_log" VALUES(150,'2016-02-10 18:16:02.171333','24','Marcos Eugenio Mendez ',2,'Added Address "  calle duarte". Changed default for Address "  calle Francisco gonzales #45".',37,1);
INSERT INTO "django_admin_log" VALUES(151,'2016-02-10 20:49:30.429260','24','Marcos Eugenio Mendez ',2,'No fields changed.',37,1);
INSERT INTO "django_admin_log" VALUES(152,'2016-02-13 15:10:13.035669','24','Marcos Eugenio Mendez ',2,'Changed picture.',37,1);
INSERT INTO "django_admin_log" VALUES(153,'2016-02-13 15:12:45.409600','24','Marcos Eugenio Mendez ',2,'Added Phone "829-581-0006". Added Phone "829-567-8765".',37,1);
INSERT INTO "django_admin_log" VALUES(154,'2016-02-13 15:14:43.736087','3','Dirvorse',1,'',15,1);
INSERT INTO "django_admin_log" VALUES(155,'2016-02-13 15:14:50.528040','11','Pablo García ',2,'Changed nationality.',37,1);
INSERT INTO "django_admin_log" VALUES(156,'2016-02-13 15:15:38.712814','3','Dirvorced',2,'Changed name.',15,1);
INSERT INTO "django_admin_log" VALUES(157,'2016-02-13 15:18:54.894274','24','Marcos Eugenio Mendez ',2,'No fields changed.',37,1);
INSERT INTO "django_admin_log" VALUES(158,'2016-02-13 15:21:36.545617','3','Ramona Altagracia Contreras ',2,'Changed status.',37,1);
INSERT INTO "django_admin_log" VALUES(159,'2016-02-13 15:22:44.090150','24','Marcos Eugenio Mendez ',2,'Changed marital_status.',37,1);
INSERT INTO "django_admin_log" VALUES(160,'2016-02-13 15:31:28.391144','4','Ramona Altagracia Contreras  with Dra. Ana María Polo  at Clínica Unión Médica',2,'Added Prescribed Medicine "Zinasen Comprimidos (Pastillas) 1.0 P 6.0 cada H".',43,1);
INSERT INTO "django_admin_log" VALUES(161,'2016-02-13 15:34:04.448120','5','Marcos Eugenio Mendez  with Dr. Juan Manuel Cerrat  at Seguro Social',1,'',43,1);
INSERT INTO "django_admin_log" VALUES(162,'2016-02-13 15:35:46.144644','21','Dr. Plutarco Arias ',2,'Changed birth_day, specialities and clinic.',42,1);
INSERT INTO "django_admin_log" VALUES(163,'2016-02-13 15:42:36.861510','3','Family',1,'',13,1);
INSERT INTO "django_admin_log" VALUES(164,'2016-02-13 15:43:55.289895','3','Papelería',1,'',46,1);
INSERT INTO "django_admin_log" VALUES(165,'2016-02-13 15:45:14.875773','12','Papelería Maxan',1,'',47,1);
INSERT INTO "django_admin_log" VALUES(166,'2016-02-13 15:54:54.858723','11','Pablo García ',2,'Changed marital_status.',37,1);
INSERT INTO "django_admin_log" VALUES(167,'2016-02-13 15:55:09.836518','22','Vladimir Oscar Gonzalez ',2,'Changed marital_status.',37,1);
INSERT INTO "django_admin_log" VALUES(168,'2016-02-13 17:58:38.015422','1','Centro Médico Cibao',2,'Changed company_logo.',47,1);
INSERT INTO "django_admin_log" VALUES(169,'2016-02-13 18:02:37.397594','8','Angel Manuel Rodriguez ',2,'Changed picture.',29,1);
INSERT INTO "django_admin_log" VALUES(170,'2016-02-14 05:29:28.928397','7','Luisa María Alvares ',2,'Changed picture.',48,1);
INSERT INTO "django_admin_log" VALUES(171,'2016-02-14 05:29:55.185880','1','Juan Manuel De la Rosa ',2,'Changed picture.',29,1);
INSERT INTO "django_admin_log" VALUES(172,'2016-02-14 05:30:40.930701','24','Marcos Eugenio Mendez ',2,'Changed picture.',37,1);
INSERT INTO "django_admin_log" VALUES(173,'2016-02-14 05:30:57.501689','24','Marcos Eugenio Mendez ',2,'Changed picture.',37,1);
INSERT INTO "django_admin_log" VALUES(174,'2016-02-14 05:42:21.838209','8','Angel Manuel Rodriguez ',2,'Changed picture.',29,1);
INSERT INTO "django_admin_log" VALUES(175,'2016-02-14 05:42:29.763214','1','Juan Manuel De la Rosa ',2,'Changed picture.',29,1);
INSERT INTO "django_admin_log" VALUES(176,'2016-02-14 05:42:48.388711','9','María José Rosario Almonte',2,'Changed picture.',29,1);
INSERT INTO "django_admin_log" VALUES(177,'2016-02-14 06:01:56.423261','4','Widower',1,'',15,1);
INSERT INTO "django_admin_log" VALUES(178,'2016-02-14 06:02:09.385065','24','Marcos Eugenio Mendez ',2,'No fields changed.',37,1);
INSERT INTO "django_admin_log" VALUES(179,'2016-02-14 06:02:40.051123','3','Ramona Altagracia Contreras ',2,'Changed marital_status.',37,1);
INSERT INTO "django_admin_log" VALUES(180,'2016-02-14 16:25:50.262932','24','Marcos Eugenio Mendez ',2,'Changed ocupation.',37,1);
INSERT INTO "django_admin_log" VALUES(181,'2016-02-15 20:30:31.478959','3','Ramona Altagracia Contreras ',2,'No fields changed.',37,1);
INSERT INTO "django_admin_log" VALUES(182,'2016-02-15 20:37:57.462949','15','Amalfy Eugenia Mendosa ',2,'Added Member Family "Joan Manuel Perez Mendosa".',37,1);
INSERT INTO "django_admin_log" VALUES(183,'2016-02-15 20:38:17.487784','15','Amalfy Eugenia Mendosa ',2,'No fields changed.',37,1);
INSERT INTO "django_admin_log" VALUES(185,'2016-02-15 20:52:20.179306','27','Gloria María Encarnación ',1,'',37,1);
INSERT INTO "django_admin_log" VALUES(186,'2016-02-15 20:53:10.390547','27','Gloria María Encarnación ',2,'No fields changed.',37,1);
INSERT INTO "django_admin_log" VALUES(187,'2016-02-15 21:56:26.838914','29','Rosa Emilia Perez Martinez',1,'',37,1);
INSERT INTO "django_admin_log" VALUES(188,'2016-02-15 21:58:24.796223','29','Rosa Emilia Perez Martinez',2,'No fields changed.',37,1);
INSERT INTO "django_admin_log" VALUES(189,'2016-02-15 22:22:02.685982','31','Cristina María Fernandez ',1,'',37,1);
INSERT INTO "django_admin_log" VALUES(190,'2016-02-16 00:20:56.644961','33','Marta Santos ',1,'',37,1);
INSERT INTO "django_admin_log" VALUES(191,'2016-02-16 00:25:30.460521','33','Marta Santos ',2,'Deleted Member Family "Laura Santos Santos".',37,1);
INSERT INTO "django_admin_log" VALUES(192,'2016-02-16 02:33:30.379589','15','Amalfy Eugenia Mendosa ',2,'Deleted Member Family "Joan Manuel Perez Mendosa".',37,1);
INSERT INTO "django_admin_log" VALUES(193,'2016-02-16 02:48:52.717006','35','Wanda Gonzalez ',1,'',37,1);
INSERT INTO "django_admin_log" VALUES(194,'2016-02-16 02:49:48.901208','35','Wanda Gonzalez ',2,'Added Member Family "Ariel Gonzalez ".',37,1);
INSERT INTO "django_admin_log" VALUES(195,'2016-02-16 02:53:04.045231','35','Wanda Gonzalez ',2,'Added Member Family "Angela Gonzalez ".',37,1);
INSERT INTO "django_admin_log" VALUES(196,'2016-04-03 16:34:29.361037','35','Wanda Gonzalez ',2,'Modificados ceiling para "Wanda Gonzalez  Rent" house.',37,1);
INSERT INTO "django_admin_log" VALUES(197,'2016-04-03 16:34:39.554592','33','Marta Santos ',2,'Modificados ceiling para "Marta Santos  Provided" house.',37,1);
INSERT INTO "django_admin_log" VALUES(198,'2016-04-03 16:34:54.456327','31','Cristina María Fernandez ',2,'Modificados ceiling para "Cristina María Fernandez  Own" house.',37,1);
INSERT INTO "django_admin_log" VALUES(199,'2016-04-09 22:25:10.519286','3','profesor(a)',1,'',59,1);
INSERT INTO "django_admin_log" VALUES(200,'2016-04-09 22:28:41.571637','38','Ofilia Diaz ',1,'',37,1);
INSERT INTO "django_admin_log" VALUES(201,'2016-04-09 22:33:27.607209','38','Orfilia Diaz ',2,'Modificado/a names.',37,1);
INSERT INTO "django_admin_log" VALUES(202,'2016-05-13 15:54:31.307736','38','Orfilia Diaz ',2,'Añadido/a "Juan Jose Contreras Diaz" Member Family.',37,1);
INSERT INTO "django_admin_log" VALUES(203,'2016-05-13 15:55:39.051411','38','Orfilia Diaz ',2,'Añadido/a "Ana María Contreras " Member Family.',37,1);
INSERT INTO "django_admin_log" VALUES(204,'2016-05-15 22:32:25.988814','4','Magister',1,'',18,1);
INSERT INTO "django_admin_log" VALUES(205,'2016-05-15 22:38:08.492110','5','Marcos Eugenio Mendez  with Dr. Juan Manuel Cerrat  at Seguro Social',2,'Añadido/a "Sedosal (Pastilla) 1.0 P 6.0 cada H" Prescribed Medicine.',43,1);
INSERT INTO "django_admin_log" VALUES(206,'2016-05-15 23:09:08.722372','1','Report object',1,'',60,1);
INSERT INTO "django_admin_log" VALUES(207,'2016-05-21 17:54:39.725872','33','Marta Santos ',2,'Modificado/a picture.',37,1);
INSERT INTO "django_admin_log" VALUES(208,'2016-05-21 18:19:36.438080','38','Orfilia Diaz ',2,'Modificado/a picture.',37,1);
INSERT INTO "django_admin_log" VALUES(209,'2016-05-21 18:21:29.939572','24','Marcos Eugenio Mendez ',2,'Modificados ceiling para "Marcos Eugenio Mendez  Own" house.',37,1);
INSERT INTO "django_admin_log" VALUES(210,'2016-05-21 18:21:53.976109','24','Marcos Eugenio Mendez ',2,'Modificado/a picture.',37,1);
INSERT INTO "django_admin_log" VALUES(211,'2016-05-21 18:23:32.771939','22','Vladimir Oscar Gonzalez ',2,'Modificado/a picture. Modificados ceiling para "Vladimir Oscar Gonzalez  Provided" house.',37,1);
INSERT INTO "django_admin_log" VALUES(212,'2016-05-21 18:30:34.303382','23','Víctor Manuel Ceballos ',2,'Modificado/a picture. Modificados ceiling para "Víctor Manuel Ceballos  Rent" house.',37,1);
INSERT INTO "django_admin_log" VALUES(213,'2016-05-21 18:31:08.229423','15','Amalfy Eugenia Mendosa ',2,'Modificado/a picture. Modificados ceiling para "Amalfy Eugenia Mendosa  Rent" house.',37,1);
INSERT INTO "django_admin_log" VALUES(214,'2016-05-21 18:31:40.275413','33','Marta Santos ',2,'Modificado/a picture.',37,1);
INSERT INTO "django_admin_log" VALUES(215,'2016-05-21 18:31:55.730837','35','Wanda Gonzalez ',2,'Modificado/a picture.',37,1);
INSERT INTO "django_admin_log" VALUES(216,'2016-05-21 18:32:13.511611','31','Cristina María Fernandez ',2,'No ha cambiado ningún campo.',37,1);
INSERT INTO "django_admin_log" VALUES(217,'2016-05-21 18:32:41.301881','31','Cristina María Fernandez ',2,'Modificado/a picture.',37,1);
INSERT INTO "django_admin_log" VALUES(218,'2016-05-21 18:33:03.749044','29','Rosa Emilia Perez Martinez',2,'Modificados ceiling para "Rosa Emilia Perez Martinez Rent" house.',37,1);
INSERT INTO "django_admin_log" VALUES(219,'2016-05-21 18:33:18.698994','29','Rosa Emilia Perez Martinez',2,'Modificado/a picture.',37,1);
INSERT INTO "django_admin_log" VALUES(220,'2016-05-21 18:33:42.094260','27','Gloria María Encarnación ',2,'Modificados ceiling para "Gloria María Encarnación  Rent" house.',37,1);
INSERT INTO "django_admin_log" VALUES(221,'2016-05-21 18:34:06.365442','22','Vladimir Oscar Gonzalez ',2,'Modificado/a picture.',37,1);
INSERT INTO "django_admin_log" VALUES(222,'2016-05-21 18:40:58.203882','3','Ramona Altagracia Contreras ',2,'Modificados ceiling para "Ramona Altagracia Contreras  Rent" house.',37,1);
INSERT INTO "django_admin_log" VALUES(223,'2016-05-21 18:41:29.744337','11','Pablo García ',2,'Modificado/a picture. Modificados ceiling para "Pablo García  Rent" house.',37,1);
INSERT INTO "django_admin_log" VALUES(224,'2016-05-21 18:41:51.990616','3','Ramona Altagracia Contreras ',2,'Modificado/a picture.',37,1);
INSERT INTO "django_admin_log" VALUES(225,'2016-05-21 20:59:29.151846','1','Centro Médico Cibao',2,'Modificado/a company_logo.',47,1);
INSERT INTO "django_admin_log" VALUES(226,'2016-05-21 21:01:35.913556','1','Centro Médico Cibao',2,'Modificado/a company_logo.',47,1);
INSERT INTO "django_admin_log" VALUES(227,'2016-05-21 21:06:02.979956','2','Clínica Bonilla',2,'Modificado/a company_logo.',47,1);
INSERT INTO "django_admin_log" VALUES(228,'2016-05-21 21:06:29.841535','3','Clínica Corominas',2,'Modificado/a company_logo.',47,1);
INSERT INTO "django_admin_log" VALUES(229,'2016-05-21 21:07:16.803496','4','Clínica Unión Médica',2,'Modificado/a company_logo.',47,1);
INSERT INTO "django_admin_log" VALUES(230,'2016-05-21 21:07:56.858161','1','Centro Médico Cibao',2,'Modificado/a company_logo.',47,1);
INSERT INTO "django_admin_log" VALUES(231,'2016-05-21 21:09:27.996226','5','Hospital Cabral y Báez',2,'Modificado/a company_logo.',47,1);
INSERT INTO "django_admin_log" VALUES(232,'2016-05-21 21:10:13.888593','7','Hospital Metropolitado de Santiago (HOMS)',2,'Modificado/a company_logo.',47,1);
INSERT INTO "django_admin_log" VALUES(233,'2016-05-21 21:12:18.725733','12','Papelería Maxan',2,'Modificado/a company_logo.',47,1);
INSERT INTO "django_admin_log" VALUES(234,'2016-05-21 21:13:03.444963','10','Seguro Social',2,'Modificado/a company_logo.',47,1);
INSERT INTO "django_admin_log" VALUES(235,'2016-05-21 21:57:52.393820','6','Marta Santos  with Dra. Ana María Polo  at Centro Médico Cibao',1,'',43,1);
INSERT INTO "django_admin_log" VALUES(236,'2016-05-21 22:26:58.738898','27','Gloria María Encarnación ',2,'Changed picture.',37,1);
CREATE TABLE "django_content_type" ("id" integer NOT NULL PRIMARY KEY AUTOINCREMENT, "app_label" varchar(100) NOT NULL, "model" varchar(100) NOT NULL, UNIQUE ("app_label", "model"));
INSERT INTO "django_content_type" VALUES(1,'admin','logentry');
INSERT INTO "django_content_type" VALUES(2,'auth','permission');
INSERT INTO "django_content_type" VALUES(3,'auth','group');
INSERT INTO "django_content_type" VALUES(4,'auth','user');
INSERT INTO "django_content_type" VALUES(5,'contenttypes','contenttype');
INSERT INTO "django_content_type" VALUES(6,'sessions','session');
INSERT INTO "django_content_type" VALUES(7,'thumbnail','kvstore');
INSERT INTO "django_content_type" VALUES(8,'location','country');
INSERT INTO "django_content_type" VALUES(9,'location','nationality');
INSERT INTO "django_content_type" VALUES(10,'location','region');
INSERT INTO "django_content_type" VALUES(11,'location','province');
INSERT INTO "django_content_type" VALUES(12,'location','town');
INSERT INTO "django_content_type" VALUES(13,'location','addresstype');
INSERT INTO "django_content_type" VALUES(14,'commons','documenttype');
INSERT INTO "django_content_type" VALUES(15,'commons','maritalstatus');
INSERT INTO "django_content_type" VALUES(16,'commons','phonetype');
INSERT INTO "django_content_type" VALUES(18,'commons','academiclevel');
INSERT INTO "django_content_type" VALUES(19,'commons','kinship');
INSERT INTO "django_content_type" VALUES(20,'commons','persontype');
INSERT INTO "django_content_type" VALUES(21,'people','person');
INSERT INTO "django_content_type" VALUES(22,'people','personaddress');
INSERT INTO "django_content_type" VALUES(24,'employees','employeetype');
INSERT INTO "django_content_type" VALUES(25,'employees','department');
INSERT INTO "django_content_type" VALUES(26,'employees','position');
INSERT INTO "django_content_type" VALUES(27,'employees','workday');
INSERT INTO "django_content_type" VALUES(28,'employees','workschedule');
INSERT INTO "django_content_type" VALUES(29,'employees','employee');
INSERT INTO "django_content_type" VALUES(30,'employees','employeefamily');
INSERT INTO "django_content_type" VALUES(32,'housing','housematerial');
INSERT INTO "django_content_type" VALUES(33,'housing','propertytype');
INSERT INTO "django_content_type" VALUES(34,'members','disability');
INSERT INTO "django_content_type" VALUES(35,'members','cane');
INSERT INTO "django_content_type" VALUES(37,'members','member');
INSERT INTO "django_content_type" VALUES(39,'members','memberfamily');
INSERT INTO "django_content_type" VALUES(40,'doctors','clinic');
INSERT INTO "django_content_type" VALUES(41,'doctors','speciality');
INSERT INTO "django_content_type" VALUES(42,'doctors','doctor');
INSERT INTO "django_content_type" VALUES(43,'doctors','appointment');
INSERT INTO "django_content_type" VALUES(44,'doctors','medicine');
INSERT INTO "django_content_type" VALUES(45,'doctors','prescribedmedicine');
INSERT INTO "django_content_type" VALUES(46,'suppliers','suppliertype');
INSERT INTO "django_content_type" VALUES(47,'suppliers','suppliercompany');
INSERT INTO "django_content_type" VALUES(48,'suppliers','suppliercontact');
INSERT INTO "django_content_type" VALUES(51,'employees','positionlevel');
INSERT INTO "django_content_type" VALUES(52,'people','personphone');
INSERT INTO "django_content_type" VALUES(53,'housing','housematerialwall');
INSERT INTO "django_content_type" VALUES(54,'housing','housematerialfloor');
INSERT INTO "django_content_type" VALUES(56,'members','house');
INSERT INTO "django_content_type" VALUES(57,'housing','housepart');
INSERT INTO "django_content_type" VALUES(58,'housing','housematerialceiling');
INSERT INTO "django_content_type" VALUES(59,'members','occupation');
INSERT INTO "django_content_type" VALUES(60,'report_builder','report');
INSERT INTO "django_content_type" VALUES(61,'report_builder','format');
INSERT INTO "django_content_type" VALUES(62,'report_builder','displayfield');
INSERT INTO "django_content_type" VALUES(63,'report_builder','filterfield');
CREATE TABLE "auth_permission" ("id" integer NOT NULL PRIMARY KEY AUTOINCREMENT, "content_type_id" integer NOT NULL REFERENCES "django_content_type" ("id"), "codename" varchar(100) NOT NULL, "name" varchar(255) NOT NULL, UNIQUE ("content_type_id", "codename"));
INSERT INTO "auth_permission" VALUES(1,1,'add_logentry','Can add log entry');
INSERT INTO "auth_permission" VALUES(2,1,'change_logentry','Can change log entry');
INSERT INTO "auth_permission" VALUES(3,1,'delete_logentry','Can delete log entry');
INSERT INTO "auth_permission" VALUES(4,2,'add_permission','Can add permission');
INSERT INTO "auth_permission" VALUES(5,2,'change_permission','Can change permission');
INSERT INTO "auth_permission" VALUES(6,2,'delete_permission','Can delete permission');
INSERT INTO "auth_permission" VALUES(7,3,'add_group','Can add group');
INSERT INTO "auth_permission" VALUES(8,3,'change_group','Can change group');
INSERT INTO "auth_permission" VALUES(9,3,'delete_group','Can delete group');
INSERT INTO "auth_permission" VALUES(10,4,'add_user','Can add user');
INSERT INTO "auth_permission" VALUES(11,4,'change_user','Can change user');
INSERT INTO "auth_permission" VALUES(12,4,'delete_user','Can delete user');
INSERT INTO "auth_permission" VALUES(13,5,'add_contenttype','Can add content type');
INSERT INTO "auth_permission" VALUES(14,5,'change_contenttype','Can change content type');
INSERT INTO "auth_permission" VALUES(15,5,'delete_contenttype','Can delete content type');
INSERT INTO "auth_permission" VALUES(16,6,'add_session','Can add session');
INSERT INTO "auth_permission" VALUES(17,6,'change_session','Can change session');
INSERT INTO "auth_permission" VALUES(18,6,'delete_session','Can delete session');
INSERT INTO "auth_permission" VALUES(19,7,'add_kvstore','Can add kv store');
INSERT INTO "auth_permission" VALUES(20,7,'change_kvstore','Can change kv store');
INSERT INTO "auth_permission" VALUES(21,7,'delete_kvstore','Can delete kv store');
INSERT INTO "auth_permission" VALUES(22,8,'add_country','Can add Country');
INSERT INTO "auth_permission" VALUES(23,8,'change_country','Can change Country');
INSERT INTO "auth_permission" VALUES(24,8,'delete_country','Can delete Country');
INSERT INTO "auth_permission" VALUES(25,9,'add_nationality','Can add Nationality');
INSERT INTO "auth_permission" VALUES(26,9,'change_nationality','Can change Nationality');
INSERT INTO "auth_permission" VALUES(27,9,'delete_nationality','Can delete Nationality');
INSERT INTO "auth_permission" VALUES(28,10,'add_region','Can add region');
INSERT INTO "auth_permission" VALUES(29,10,'change_region','Can change region');
INSERT INTO "auth_permission" VALUES(30,10,'delete_region','Can delete region');
INSERT INTO "auth_permission" VALUES(31,11,'add_province','Can add province');
INSERT INTO "auth_permission" VALUES(32,11,'change_province','Can change province');
INSERT INTO "auth_permission" VALUES(33,11,'delete_province','Can delete province');
INSERT INTO "auth_permission" VALUES(34,12,'add_town','Can add town');
INSERT INTO "auth_permission" VALUES(35,12,'change_town','Can change town');
INSERT INTO "auth_permission" VALUES(36,12,'delete_town','Can delete town');
INSERT INTO "auth_permission" VALUES(37,13,'add_addresstype','Can add Address Type');
INSERT INTO "auth_permission" VALUES(38,13,'change_addresstype','Can change Address Type');
INSERT INTO "auth_permission" VALUES(39,13,'delete_addresstype','Can delete Address Type');
INSERT INTO "auth_permission" VALUES(40,14,'add_documenttype','Can add Document Type');
INSERT INTO "auth_permission" VALUES(41,14,'change_documenttype','Can change Document Type');
INSERT INTO "auth_permission" VALUES(42,14,'delete_documenttype','Can delete Document Type');
INSERT INTO "auth_permission" VALUES(43,15,'add_maritalstatus','Can add marital status');
INSERT INTO "auth_permission" VALUES(44,15,'change_maritalstatus','Can change marital status');
INSERT INTO "auth_permission" VALUES(45,15,'delete_maritalstatus','Can delete marital status');
INSERT INTO "auth_permission" VALUES(46,16,'add_phonetype','Can add phone type');
INSERT INTO "auth_permission" VALUES(47,16,'change_phonetype','Can change phone type');
INSERT INTO "auth_permission" VALUES(48,16,'delete_phonetype','Can delete phone type');
INSERT INTO "auth_permission" VALUES(52,18,'add_academiclevel','Can add academic level');
INSERT INTO "auth_permission" VALUES(53,18,'change_academiclevel','Can change academic level');
INSERT INTO "auth_permission" VALUES(54,18,'delete_academiclevel','Can delete academic level');
INSERT INTO "auth_permission" VALUES(55,19,'add_kinship','Can add kinship');
INSERT INTO "auth_permission" VALUES(56,19,'change_kinship','Can change kinship');
INSERT INTO "auth_permission" VALUES(57,19,'delete_kinship','Can delete kinship');
INSERT INTO "auth_permission" VALUES(58,20,'add_persontype','Can add Person Type');
INSERT INTO "auth_permission" VALUES(59,20,'change_persontype','Can change Person Type');
INSERT INTO "auth_permission" VALUES(60,20,'delete_persontype','Can delete Person Type');
INSERT INTO "auth_permission" VALUES(61,21,'add_person','Can add Person');
INSERT INTO "auth_permission" VALUES(62,21,'change_person','Can change Person');
INSERT INTO "auth_permission" VALUES(63,21,'delete_person','Can delete Person');
INSERT INTO "auth_permission" VALUES(64,22,'add_personaddress','Can add Address');
INSERT INTO "auth_permission" VALUES(65,22,'change_personaddress','Can change Address');
INSERT INTO "auth_permission" VALUES(66,22,'delete_personaddress','Can delete Address');
INSERT INTO "auth_permission" VALUES(70,24,'add_employeetype','Can add Employee Type');
INSERT INTO "auth_permission" VALUES(71,24,'change_employeetype','Can change Employee Type');
INSERT INTO "auth_permission" VALUES(72,24,'delete_employeetype','Can delete Employee Type');
INSERT INTO "auth_permission" VALUES(73,25,'add_department','Can add Department');
INSERT INTO "auth_permission" VALUES(74,25,'change_department','Can change Department');
INSERT INTO "auth_permission" VALUES(75,25,'delete_department','Can delete Department');
INSERT INTO "auth_permission" VALUES(76,26,'add_position','Can add Position');
INSERT INTO "auth_permission" VALUES(77,26,'change_position','Can change Position');
INSERT INTO "auth_permission" VALUES(78,26,'delete_position','Can delete Position');
INSERT INTO "auth_permission" VALUES(79,27,'add_workday','Can add Workday');
INSERT INTO "auth_permission" VALUES(80,27,'change_workday','Can change Workday');
INSERT INTO "auth_permission" VALUES(81,27,'delete_workday','Can delete Workday');
INSERT INTO "auth_permission" VALUES(82,28,'add_workschedule','Can add Work Schedule');
INSERT INTO "auth_permission" VALUES(83,28,'change_workschedule','Can change Work Schedule');
INSERT INTO "auth_permission" VALUES(84,28,'delete_workschedule','Can delete Work Schedule');
INSERT INTO "auth_permission" VALUES(85,29,'add_employee','Can add Employee');
INSERT INTO "auth_permission" VALUES(86,29,'change_employee','Can change Employee');
INSERT INTO "auth_permission" VALUES(87,29,'delete_employee','Can delete Employee');
INSERT INTO "auth_permission" VALUES(88,21,'add_employeefamily','Can add Employee Family');
INSERT INTO "auth_permission" VALUES(89,21,'change_employeefamily','Can change Employee Family');
INSERT INTO "auth_permission" VALUES(90,21,'delete_employeefamily','Can delete Employee Family');
INSERT INTO "auth_permission" VALUES(94,32,'add_housematerial','Can add house material');
INSERT INTO "auth_permission" VALUES(95,32,'change_housematerial','Can change house material');
INSERT INTO "auth_permission" VALUES(96,32,'delete_housematerial','Can delete house material');
INSERT INTO "auth_permission" VALUES(97,33,'add_propertytype','Can add property type');
INSERT INTO "auth_permission" VALUES(98,33,'change_propertytype','Can change property type');
INSERT INTO "auth_permission" VALUES(99,33,'delete_propertytype','Can delete property type');
INSERT INTO "auth_permission" VALUES(100,34,'add_disability','Can add disability');
INSERT INTO "auth_permission" VALUES(101,34,'change_disability','Can change disability');
INSERT INTO "auth_permission" VALUES(102,34,'delete_disability','Can delete disability');
INSERT INTO "auth_permission" VALUES(103,35,'add_cane','Can add cane');
INSERT INTO "auth_permission" VALUES(104,35,'change_cane','Can change cane');
INSERT INTO "auth_permission" VALUES(105,35,'delete_cane','Can delete cane');
INSERT INTO "auth_permission" VALUES(109,37,'add_member','Can add Member');
INSERT INTO "auth_permission" VALUES(110,37,'change_member','Can change Member');
INSERT INTO "auth_permission" VALUES(111,37,'delete_member','Can delete Member');
INSERT INTO "auth_permission" VALUES(115,39,'add_memberfamily','Can add Member Family');
INSERT INTO "auth_permission" VALUES(116,39,'change_memberfamily','Can change Member Family');
INSERT INTO "auth_permission" VALUES(117,39,'delete_memberfamily','Can delete Member Family');
INSERT INTO "auth_permission" VALUES(118,40,'add_clinic','Can add Clinic');
INSERT INTO "auth_permission" VALUES(119,40,'change_clinic','Can change Clinic');
INSERT INTO "auth_permission" VALUES(120,40,'delete_clinic','Can delete Clinic');
INSERT INTO "auth_permission" VALUES(121,41,'add_speciality','Can add Speciality');
INSERT INTO "auth_permission" VALUES(122,41,'change_speciality','Can change Speciality');
INSERT INTO "auth_permission" VALUES(123,41,'delete_speciality','Can delete Speciality');
INSERT INTO "auth_permission" VALUES(124,42,'add_doctor','Can add Doctor');
INSERT INTO "auth_permission" VALUES(125,42,'change_doctor','Can change Doctor');
INSERT INTO "auth_permission" VALUES(126,42,'delete_doctor','Can delete Doctor');
INSERT INTO "auth_permission" VALUES(127,43,'add_appointment','Can add Appointment');
INSERT INTO "auth_permission" VALUES(128,43,'change_appointment','Can change Appointment');
INSERT INTO "auth_permission" VALUES(129,43,'delete_appointment','Can delete Appointment');
INSERT INTO "auth_permission" VALUES(130,44,'add_medicine','Can add Medicine');
INSERT INTO "auth_permission" VALUES(131,44,'change_medicine','Can change Medicine');
INSERT INTO "auth_permission" VALUES(132,44,'delete_medicine','Can delete Medicine');
INSERT INTO "auth_permission" VALUES(133,45,'add_prescribedmedicine','Can add Prescribed Medicine');
INSERT INTO "auth_permission" VALUES(134,45,'change_prescribedmedicine','Can change Prescribed Medicine');
INSERT INTO "auth_permission" VALUES(135,45,'delete_prescribedmedicine','Can delete Prescribed Medicine');
INSERT INTO "auth_permission" VALUES(136,46,'add_suppliertype','Can add Supplier Type');
INSERT INTO "auth_permission" VALUES(137,46,'change_suppliertype','Can change Supplier Type');
INSERT INTO "auth_permission" VALUES(138,46,'delete_suppliertype','Can delete Supplier Type');
INSERT INTO "auth_permission" VALUES(139,47,'add_suppliercompany','Can add Supplier Company');
INSERT INTO "auth_permission" VALUES(140,47,'change_suppliercompany','Can change Supplier Company');
INSERT INTO "auth_permission" VALUES(141,47,'delete_suppliercompany','Can delete Supplier Company');
INSERT INTO "auth_permission" VALUES(142,48,'add_suppliercontact','Can add Supplier Contact');
INSERT INTO "auth_permission" VALUES(143,48,'change_suppliercontact','Can change Supplier Contact');
INSERT INTO "auth_permission" VALUES(144,48,'delete_suppliercontact','Can delete Supplier Contact');
INSERT INTO "auth_permission" VALUES(145,47,'add_clinic','Can add Clinic');
INSERT INTO "auth_permission" VALUES(146,47,'change_clinic','Can change Clinic');
INSERT INTO "auth_permission" VALUES(147,47,'delete_clinic','Can delete Clinic');
INSERT INTO "auth_permission" VALUES(154,51,'add_positionlevel','Can add Position Level');
INSERT INTO "auth_permission" VALUES(155,51,'change_positionlevel','Can change Position Level');
INSERT INTO "auth_permission" VALUES(156,51,'delete_positionlevel','Can delete Position Level');
INSERT INTO "auth_permission" VALUES(157,52,'add_personphone','Can add Phone');
INSERT INTO "auth_permission" VALUES(158,52,'change_personphone','Can change Phone');
INSERT INTO "auth_permission" VALUES(159,52,'delete_personphone','Can delete Phone');
INSERT INTO "auth_permission" VALUES(160,21,'add_memberfamily','Can add Member Family');
INSERT INTO "auth_permission" VALUES(161,21,'change_memberfamily','Can change Member Family');
INSERT INTO "auth_permission" VALUES(162,21,'delete_memberfamily','Can delete Member Family');
INSERT INTO "auth_permission" VALUES(163,32,'add_housematerialceilling','Can add HouseMaterialCeilling');
INSERT INTO "auth_permission" VALUES(164,32,'change_housematerialceilling','Can change HouseMaterialCeilling');
INSERT INTO "auth_permission" VALUES(165,32,'delete_housematerialceilling','Can delete HouseMaterialCeilling');
INSERT INTO "auth_permission" VALUES(166,32,'add_housematerialwall','Can add HouseMaterialWall');
INSERT INTO "auth_permission" VALUES(167,32,'change_housematerialwall','Can change HouseMaterialWall');
INSERT INTO "auth_permission" VALUES(168,32,'delete_housematerialwall','Can delete HouseMaterialWall');
INSERT INTO "auth_permission" VALUES(169,32,'add_housematerialfloor','Can add HouseMaterialFloor');
INSERT INTO "auth_permission" VALUES(170,32,'change_housematerialfloor','Can change HouseMaterialFloor');
INSERT INTO "auth_permission" VALUES(171,32,'delete_housematerialfloor','Can delete HouseMaterialFloor');
INSERT INTO "auth_permission" VALUES(172,56,'add_house','Can add house');
INSERT INTO "auth_permission" VALUES(173,56,'change_house','Can change house');
INSERT INTO "auth_permission" VALUES(174,56,'delete_house','Can delete house');
INSERT INTO "auth_permission" VALUES(175,57,'add_housepart','Can add house part');
INSERT INTO "auth_permission" VALUES(176,57,'change_housepart','Can change house part');
INSERT INTO "auth_permission" VALUES(177,57,'delete_housepart','Can delete house part');
INSERT INTO "auth_permission" VALUES(178,32,'add_housematerialceiling','Can add House Material Ceiling');
INSERT INTO "auth_permission" VALUES(179,32,'change_housematerialceiling','Can change House Material Ceiling');
INSERT INTO "auth_permission" VALUES(180,32,'delete_housematerialceiling','Can delete House Material Ceiling');
INSERT INTO "auth_permission" VALUES(181,59,'add_occupation','Can add Occupation');
INSERT INTO "auth_permission" VALUES(182,59,'change_occupation','Can change Occupation');
INSERT INTO "auth_permission" VALUES(183,59,'delete_occupation','Can delete Occupation');
INSERT INTO "auth_permission" VALUES(184,60,'add_report','Can add report');
INSERT INTO "auth_permission" VALUES(185,60,'change_report','Can change report');
INSERT INTO "auth_permission" VALUES(186,60,'delete_report','Can delete report');
INSERT INTO "auth_permission" VALUES(187,61,'add_format','Can add format');
INSERT INTO "auth_permission" VALUES(188,61,'change_format','Can change format');
INSERT INTO "auth_permission" VALUES(189,61,'delete_format','Can delete format');
INSERT INTO "auth_permission" VALUES(190,62,'add_displayfield','Can add display field');
INSERT INTO "auth_permission" VALUES(191,62,'change_displayfield','Can change display field');
INSERT INTO "auth_permission" VALUES(192,62,'delete_displayfield','Can delete display field');
INSERT INTO "auth_permission" VALUES(193,63,'add_filterfield','Can add filter field');
INSERT INTO "auth_permission" VALUES(194,63,'change_filterfield','Can change filter field');
INSERT INTO "auth_permission" VALUES(195,63,'delete_filterfield','Can delete filter field');
CREATE TABLE "auth_user" ("id" integer NOT NULL PRIMARY KEY AUTOINCREMENT, "password" varchar(128) NOT NULL, "is_superuser" bool NOT NULL, "username" varchar(30) NOT NULL UNIQUE, "first_name" varchar(30) NOT NULL, "last_name" varchar(30) NOT NULL, "email" varchar(254) NOT NULL, "is_staff" bool NOT NULL, "is_active" bool NOT NULL, "date_joined" datetime NOT NULL, "last_login" datetime NULL);
INSERT INTO "auth_user" VALUES(1,'pbkdf2_sha256$20000$2gukrGtSyDXi$LuedfymTfCybUa08hJ7vTpTETDig4iDzdolq4DgRoEw=',1,'admin','','','',1,1,'2016-01-28 18:39:42.878733','2016-05-25 15:43:43.917138');
INSERT INTO "auth_user" VALUES(2,'pbkdf2_sha256$20000$9ZBQeYBy6UBO$vm6u9ADlsekJLVpL5TPkMZ8S7daaM+WJ8kiWHjbmxVM=',0,'employeesadmin','','','',1,1,'2016-01-28 21:04:07','2016-02-04 21:01:18.366420');
INSERT INTO "auth_user" VALUES(3,'pbkdf2_sha256$20000$mYxdPtkrJfyL$nmwEirMATvGl5XTu/2g4isSbP9U1vWuE5IFzS5B1i1Q=',0,'membersadmin','','','',1,1,'2016-02-04 21:05:52','2016-02-06 22:11:20.036060');
CREATE TABLE "django_session" ("session_key" varchar(40) NOT NULL PRIMARY KEY, "session_data" text NOT NULL, "expire_date" datetime NOT NULL);
INSERT INTO "django_session" VALUES('cpcjx4z4h3k4os2lqvaqas8vjg9r2h6k','ODllYjRmMzI2NDQ3OGRkNDE2NTQ5YWY1ODY1YTYzNzA5Yzg4N2FjZjp7Il9hdXRoX3VzZXJfaGFzaCI6IjQwZjg1MGNiZDc5NzkyM2Y5MzBiMDViNjIxNDA5YzQ5OTgyODc2NTAiLCJfYXV0aF91c2VyX2JhY2tlbmQiOiJkamFuZ28uY29udHJpYi5hdXRoLmJhY2tlbmRzLk1vZGVsQmFja2VuZCIsIl9hdXRoX3VzZXJfaWQiOiIxIn0=','2016-02-18 22:20:14.448146');
INSERT INTO "django_session" VALUES('l6jhohhnvex4hlpmzt7aeocxxzsrqyqi','ODllYjRmMzI2NDQ3OGRkNDE2NTQ5YWY1ODY1YTYzNzA5Yzg4N2FjZjp7Il9hdXRoX3VzZXJfaGFzaCI6IjQwZjg1MGNiZDc5NzkyM2Y5MzBiMDViNjIxNDA5YzQ5OTgyODc2NTAiLCJfYXV0aF91c2VyX2JhY2tlbmQiOiJkamFuZ28uY29udHJpYi5hdXRoLmJhY2tlbmRzLk1vZGVsQmFja2VuZCIsIl9hdXRoX3VzZXJfaWQiOiIxIn0=','2016-02-22 21:21:55.170020');
INSERT INTO "django_session" VALUES('m5ifpnicpcb4zu18xgi5xb21ne3kjc11','ODllYjRmMzI2NDQ3OGRkNDE2NTQ5YWY1ODY1YTYzNzA5Yzg4N2FjZjp7Il9hdXRoX3VzZXJfaGFzaCI6IjQwZjg1MGNiZDc5NzkyM2Y5MzBiMDViNjIxNDA5YzQ5OTgyODc2NTAiLCJfYXV0aF91c2VyX2JhY2tlbmQiOiJkamFuZ28uY29udHJpYi5hdXRoLmJhY2tlbmRzLk1vZGVsQmFja2VuZCIsIl9hdXRoX3VzZXJfaWQiOiIxIn0=','2016-02-25 18:37:27.060147');
INSERT INTO "django_session" VALUES('7y6glyvcx0l2dsktc6efr9aisyl1bog7','ODllYjRmMzI2NDQ3OGRkNDE2NTQ5YWY1ODY1YTYzNzA5Yzg4N2FjZjp7Il9hdXRoX3VzZXJfaGFzaCI6IjQwZjg1MGNiZDc5NzkyM2Y5MzBiMDViNjIxNDA5YzQ5OTgyODc2NTAiLCJfYXV0aF91c2VyX2JhY2tlbmQiOiJkamFuZ28uY29udHJpYi5hdXRoLmJhY2tlbmRzLk1vZGVsQmFja2VuZCIsIl9hdXRoX3VzZXJfaWQiOiIxIn0=','2016-02-25 20:24:12.181883');
INSERT INTO "django_session" VALUES('emb55i019tu7pidiyn8ow41e8c9uount','ODllYjRmMzI2NDQ3OGRkNDE2NTQ5YWY1ODY1YTYzNzA5Yzg4N2FjZjp7Il9hdXRoX3VzZXJfaGFzaCI6IjQwZjg1MGNiZDc5NzkyM2Y5MzBiMDViNjIxNDA5YzQ5OTgyODc2NTAiLCJfYXV0aF91c2VyX2JhY2tlbmQiOiJkamFuZ28uY29udHJpYi5hdXRoLmJhY2tlbmRzLk1vZGVsQmFja2VuZCIsIl9hdXRoX3VzZXJfaWQiOiIxIn0=','2016-03-21 19:57:40.168943');
INSERT INTO "django_session" VALUES('o6rdi0yi7hf0uxgkrxdyouepkzzka0us','ODllYjRmMzI2NDQ3OGRkNDE2NTQ5YWY1ODY1YTYzNzA5Yzg4N2FjZjp7Il9hdXRoX3VzZXJfaGFzaCI6IjQwZjg1MGNiZDc5NzkyM2Y5MzBiMDViNjIxNDA5YzQ5OTgyODc2NTAiLCJfYXV0aF91c2VyX2JhY2tlbmQiOiJkamFuZ28uY29udHJpYi5hdXRoLmJhY2tlbmRzLk1vZGVsQmFja2VuZCIsIl9hdXRoX3VzZXJfaWQiOiIxIn0=','2016-04-16 15:28:53.490520');
INSERT INTO "django_session" VALUES('esp7i3u2t9j20ux52sy2c7re9k7vcfk5','ODllYjRmMzI2NDQ3OGRkNDE2NTQ5YWY1ODY1YTYzNzA5Yzg4N2FjZjp7Il9hdXRoX3VzZXJfaGFzaCI6IjQwZjg1MGNiZDc5NzkyM2Y5MzBiMDViNjIxNDA5YzQ5OTgyODc2NTAiLCJfYXV0aF91c2VyX2JhY2tlbmQiOiJkamFuZ28uY29udHJpYi5hdXRoLmJhY2tlbmRzLk1vZGVsQmFja2VuZCIsIl9hdXRoX3VzZXJfaWQiOiIxIn0=','2016-04-23 18:38:18.607369');
INSERT INTO "django_session" VALUES('9zvac73cu32wl4736l62v2lbm2u7zqvs','ODllYjRmMzI2NDQ3OGRkNDE2NTQ5YWY1ODY1YTYzNzA5Yzg4N2FjZjp7Il9hdXRoX3VzZXJfaGFzaCI6IjQwZjg1MGNiZDc5NzkyM2Y5MzBiMDViNjIxNDA5YzQ5OTgyODc2NTAiLCJfYXV0aF91c2VyX2JhY2tlbmQiOiJkamFuZ28uY29udHJpYi5hdXRoLmJhY2tlbmRzLk1vZGVsQmFja2VuZCIsIl9hdXRoX3VzZXJfaWQiOiIxIn0=','2016-05-25 03:08:43.324878');
INSERT INTO "django_session" VALUES('g9s9ftcx0dszsjc5d83zb71hlw3k9s7s','ODllYjRmMzI2NDQ3OGRkNDE2NTQ5YWY1ODY1YTYzNzA5Yzg4N2FjZjp7Il9hdXRoX3VzZXJfaGFzaCI6IjQwZjg1MGNiZDc5NzkyM2Y5MzBiMDViNjIxNDA5YzQ5OTgyODc2NTAiLCJfYXV0aF91c2VyX2JhY2tlbmQiOiJkamFuZ28uY29udHJpYi5hdXRoLmJhY2tlbmRzLk1vZGVsQmFja2VuZCIsIl9hdXRoX3VzZXJfaWQiOiIxIn0=','2016-05-27 15:52:42.337151');
INSERT INTO "django_session" VALUES('iddfpua9j5p3g4hlp643q9qr8xv7wgc2','ODllYjRmMzI2NDQ3OGRkNDE2NTQ5YWY1ODY1YTYzNzA5Yzg4N2FjZjp7Il9hdXRoX3VzZXJfaGFzaCI6IjQwZjg1MGNiZDc5NzkyM2Y5MzBiMDViNjIxNDA5YzQ5OTgyODc2NTAiLCJfYXV0aF91c2VyX2JhY2tlbmQiOiJkamFuZ28uY29udHJpYi5hdXRoLmJhY2tlbmRzLk1vZGVsQmFja2VuZCIsIl9hdXRoX3VzZXJfaWQiOiIxIn0=','2016-05-29 22:31:46.798333');
INSERT INTO "django_session" VALUES('axht14d7j07psd81zxm22mrnh333qrh9','ODllYjRmMzI2NDQ3OGRkNDE2NTQ5YWY1ODY1YTYzNzA5Yzg4N2FjZjp7Il9hdXRoX3VzZXJfaGFzaCI6IjQwZjg1MGNiZDc5NzkyM2Y5MzBiMDViNjIxNDA5YzQ5OTgyODc2NTAiLCJfYXV0aF91c2VyX2JhY2tlbmQiOiJkamFuZ28uY29udHJpYi5hdXRoLmJhY2tlbmRzLk1vZGVsQmFja2VuZCIsIl9hdXRoX3VzZXJfaWQiOiIxIn0=','2016-06-08 15:43:44.010184');
CREATE TABLE "location_address_type" ("id" integer NOT NULL PRIMARY KEY AUTOINCREMENT, "name" varchar(40) NOT NULL);
INSERT INTO "location_address_type" VALUES(1,'Home');
INSERT INTO "location_address_type" VALUES(2,'Work');
INSERT INTO "location_address_type" VALUES(3,'Family');
CREATE TABLE "location_country" ("id" integer NOT NULL PRIMARY KEY AUTOINCREMENT, "name" varchar(45) NOT NULL UNIQUE);
INSERT INTO "location_country" VALUES(1,'Dominican Republic');
CREATE TABLE "location_nationality" ("id" integer NOT NULL PRIMARY KEY AUTOINCREMENT, "name" varchar(30) NOT NULL);
INSERT INTO "location_nationality" VALUES(1,' Afgano');
INSERT INTO "location_nationality" VALUES(2,' Alemán');
INSERT INTO "location_nationality" VALUES(3,' Americano');
INSERT INTO "location_nationality" VALUES(4,' Argentino');
INSERT INTO "location_nationality" VALUES(5,' Australiano');
INSERT INTO "location_nationality" VALUES(6,' Austríaco');
INSERT INTO "location_nationality" VALUES(7,' Belga');
INSERT INTO "location_nationality" VALUES(8,' Boliviano');
INSERT INTO "location_nationality" VALUES(9,' Brasileño');
INSERT INTO "location_nationality" VALUES(10,' Británico');
INSERT INTO "location_nationality" VALUES(11,' Búlgaro');
INSERT INTO "location_nationality" VALUES(12,' Canadiense');
INSERT INTO "location_nationality" VALUES(13,' Checo');
INSERT INTO "location_nationality" VALUES(14,' Chileno');
INSERT INTO "location_nationality" VALUES(15,' Chino');
INSERT INTO "location_nationality" VALUES(16,' Colombiano');
INSERT INTO "location_nationality" VALUES(17,' coreano');
INSERT INTO "location_nationality" VALUES(18,' Costarricense');
INSERT INTO "location_nationality" VALUES(19,' Cubano');
INSERT INTO "location_nationality" VALUES(20,' Danés');
INSERT INTO "location_nationality" VALUES(21,' Dominicano');
INSERT INTO "location_nationality" VALUES(22,' Ecuadorean');
INSERT INTO "location_nationality" VALUES(23,' Egipcio');
INSERT INTO "location_nationality" VALUES(24,' Escocés');
INSERT INTO "location_nationality" VALUES(25,' Español');
INSERT INTO "location_nationality" VALUES(26,' Filipino');
INSERT INTO "location_nationality" VALUES(27,' Finlandés');
INSERT INTO "location_nationality" VALUES(28,' Francés');
INSERT INTO "location_nationality" VALUES(29,' Galés');
INSERT INTO "location_nationality" VALUES(30,' Griego');
INSERT INTO "location_nationality" VALUES(31,' Groenlandés');
INSERT INTO "location_nationality" VALUES(32,' Guatemalteco');
INSERT INTO "location_nationality" VALUES(33,' Haitiano');
INSERT INTO "location_nationality" VALUES(34,' Hawaiano');
INSERT INTO "location_nationality" VALUES(35,' Holandés');
INSERT INTO "location_nationality" VALUES(36,' Hondureño');
INSERT INTO "location_nationality" VALUES(37,' Húngaro');
INSERT INTO "location_nationality" VALUES(38,' Indio');
INSERT INTO "location_nationality" VALUES(39,' Indonesio');
INSERT INTO "location_nationality" VALUES(40,' Inglés');
INSERT INTO "location_nationality" VALUES(41,' Iraní');
INSERT INTO "location_nationality" VALUES(42,' Iraqui');
INSERT INTO "location_nationality" VALUES(43,' Irlandés');
INSERT INTO "location_nationality" VALUES(44,' Islandés');
INSERT INTO "location_nationality" VALUES(45,' Israelí');
INSERT INTO "location_nationality" VALUES(46,' Italiano');
INSERT INTO "location_nationality" VALUES(47,' Jamaicano');
INSERT INTO "location_nationality" VALUES(48,' Japonés');
INSERT INTO "location_nationality" VALUES(49,' Libanés');
INSERT INTO "location_nationality" VALUES(50,' Malasio');
INSERT INTO "location_nationality" VALUES(51,' Maltés');
INSERT INTO "location_nationality" VALUES(52,' Marroquí');
INSERT INTO "location_nationality" VALUES(53,' Mejicano');
INSERT INTO "location_nationality" VALUES(54,' Neozelandés');
INSERT INTO "location_nationality" VALUES(55,' Nepalés');
INSERT INTO "location_nationality" VALUES(56,' Nicaragüense');
INSERT INTO "location_nationality" VALUES(57,' Nigeriano');
INSERT INTO "location_nationality" VALUES(58,' Noruego');
INSERT INTO "location_nationality" VALUES(59,' Palestino');
INSERT INTO "location_nationality" VALUES(60,' Panameño');
INSERT INTO "location_nationality" VALUES(61,' Paquistaní');
INSERT INTO "location_nationality" VALUES(62,' Paraguayo');
INSERT INTO "location_nationality" VALUES(63,' Peruano');
INSERT INTO "location_nationality" VALUES(64,' Polaco');
INSERT INTO "location_nationality" VALUES(65,' Portugués');
INSERT INTO "location_nationality" VALUES(66,' Puertorriqueño');
INSERT INTO "location_nationality" VALUES(67,' Rumano');
INSERT INTO "location_nationality" VALUES(68,' Ruso');
INSERT INTO "location_nationality" VALUES(69,' Saudita');
INSERT INTO "location_nationality" VALUES(70,' Singaporean');
INSERT INTO "location_nationality" VALUES(71,' Sirio');
INSERT INTO "location_nationality" VALUES(72,' Sueco');
INSERT INTO "location_nationality" VALUES(73,' Suizo');
INSERT INTO "location_nationality" VALUES(74,' Tahitiano');
INSERT INTO "location_nationality" VALUES(75,' Tailandés');
INSERT INTO "location_nationality" VALUES(76,' Tunecino');
INSERT INTO "location_nationality" VALUES(77,' Turco');
INSERT INTO "location_nationality" VALUES(78,' Ucraniano');
INSERT INTO "location_nationality" VALUES(79,' Uruguayo');
INSERT INTO "location_nationality" VALUES(80,' Venezolano');
INSERT INTO "location_nationality" VALUES(81,' Vietnamita');
INSERT INTO "location_nationality" VALUES(82,' Yugoslavo');
CREATE TABLE "location_region" ("id" integer NOT NULL PRIMARY KEY AUTOINCREMENT, "name" varchar(45) NOT NULL UNIQUE);
INSERT INTO "location_region" VALUES(1,' NORTE O CIBAO');
INSERT INTO "location_region" VALUES(2,' SUROESTE');
INSERT INTO "location_region" VALUES(3,' SURESTE');
CREATE TABLE "location_town" ("id" integer NOT NULL PRIMARY KEY AUTOINCREMENT, "name" varchar(100) NOT NULL, "province_id" integer NOT NULL REFERENCES "location_province" ("id"));
INSERT INTO "location_town" VALUES(1,'Azua de Compostela',1);
INSERT INTO "location_town" VALUES(2,'Estebania',1);
INSERT INTO "location_town" VALUES(3,'Guayabal',1);
INSERT INTO "location_town" VALUES(4,'Las Charcas',1);
INSERT INTO "location_town" VALUES(5,'Las Yayas de Viajama',1);
INSERT INTO "location_town" VALUES(6,'Padre Las Casas',1);
INSERT INTO "location_town" VALUES(7,'Palmar de Ocoa (D.M.)',1);
INSERT INTO "location_town" VALUES(8,'Peralta',1);
INSERT INTO "location_town" VALUES(9,'Pueblo Viejo',1);
INSERT INTO "location_town" VALUES(10,'Sabana Yegua',1);
INSERT INTO "location_town" VALUES(11,'Tabara Arriba',1);
INSERT INTO "location_town" VALUES(12,'Villarpando (D.M.)',1);
INSERT INTO "location_town" VALUES(13,'El Palmar (D.M.)',2);
INSERT INTO "location_town" VALUES(14,'Galván',2);
INSERT INTO "location_town" VALUES(15,'Los Ríos',2);
INSERT INTO "location_town" VALUES(16,'Neyba',2);
INSERT INTO "location_town" VALUES(17,'Tamayo',2);
INSERT INTO "location_town" VALUES(18,'Uvilla (D.M.)',2);
INSERT INTO "location_town" VALUES(19,'Villa Jaragua',2);
INSERT INTO "location_town" VALUES(20,'Cabral',3);
INSERT INTO "location_town" VALUES(21,'Canoa (D.M.)',3);
INSERT INTO "location_town" VALUES(22,'El Cachón (D.M.)',3);
INSERT INTO "location_town" VALUES(23,'El Peñón',3);
INSERT INTO "location_town" VALUES(24,'Enriquillo',3);
INSERT INTO "location_town" VALUES(25,'Fundación',3);
INSERT INTO "location_town" VALUES(26,'Jaquimeyes',3);
INSERT INTO "location_town" VALUES(27,'La Ciénaga',3);
INSERT INTO "location_town" VALUES(28,'Las Salinas',3);
INSERT INTO "location_town" VALUES(29,'Paraíso',3);
INSERT INTO "location_town" VALUES(30,'Pescadería (D.M.)',3);
INSERT INTO "location_town" VALUES(31,'Polo',3);
INSERT INTO "location_town" VALUES(32,'Santa Cruz de Barahona',3);
INSERT INTO "location_town" VALUES(33,'Vicente Noble',3);
INSERT INTO "location_town" VALUES(34,'Dajabón',4);
INSERT INTO "location_town" VALUES(35,'El Pino',4);
INSERT INTO "location_town" VALUES(36,'Loma de Cabrera',4);
INSERT INTO "location_town" VALUES(37,'Partido',4);
INSERT INTO "location_town" VALUES(38,'Restauración',4);
INSERT INTO "location_town" VALUES(39,'Santo Domingo de Guzmán',5);
INSERT INTO "location_town" VALUES(40,'Agua Santa del Yuma (D.M.)',6);
INSERT INTO "location_town" VALUES(41,'Arenoso',6);
INSERT INTO "location_town" VALUES(42,'Castillo',6);
INSERT INTO "location_town" VALUES(43,'Cenovi (D.M.)',6);
INSERT INTO "location_town" VALUES(44,'Cristo Rey de Guaraguao (D.M.)',6);
INSERT INTO "location_town" VALUES(45,'Eugenio Maria de Hostos',6);
INSERT INTO "location_town" VALUES(46,'La Peña (D.M.)',6);
INSERT INTO "location_town" VALUES(47,'Las Guaranas',6);
INSERT INTO "location_town" VALUES(48,'Pimentel',6);
INSERT INTO "location_town" VALUES(49,'San Francisco de Macorís',6);
INSERT INTO "location_town" VALUES(50,'Villa Riva',6);
INSERT INTO "location_town" VALUES(51,'Banica',7);
INSERT INTO "location_town" VALUES(52,'Comendador',7);
INSERT INTO "location_town" VALUES(53,'El Llano',7);
INSERT INTO "location_town" VALUES(54,'Hondo Valle',7);
INSERT INTO "location_town" VALUES(55,'Juan Santiago',7);
INSERT INTO "location_town" VALUES(56,'Pedro Santana',7);
INSERT INTO "location_town" VALUES(57,'Río Limpio (D.M.)',7);
INSERT INTO "location_town" VALUES(58,'Miches',8);
INSERT INTO "location_town" VALUES(59,'Pedro Sánchez (D.M.)',8);
INSERT INTO "location_town" VALUES(60,'Santa Cruz del Seibo',8);
INSERT INTO "location_town" VALUES(61,'Cayetano Germosen',9);
INSERT INTO "location_town" VALUES(62,'Gaspar Hernández',9);
INSERT INTO "location_town" VALUES(63,'Jamao al Norte',9);
INSERT INTO "location_town" VALUES(64,'Joba Arriba (D.M.)',9);
INSERT INTO "location_town" VALUES(65,'José Contreras (D.M.)',9);
INSERT INTO "location_town" VALUES(66,'Juan López (D.M.)',9);
INSERT INTO "location_town" VALUES(67,'Moca',9);
INSERT INTO "location_town" VALUES(68,'San Víctor (D.M.)',9);
INSERT INTO "location_town" VALUES(69,'Veragua (D.M.)',9);
INSERT INTO "location_town" VALUES(70,'El Valle',10);
INSERT INTO "location_town" VALUES(71,'Elupina Cordero de las Cañitas (D.M.)',10);
INSERT INTO "location_town" VALUES(72,'Guayabo Dulce (D.M.)',10);
INSERT INTO "location_town" VALUES(73,'Hato Mayor del Rey',10);
INSERT INTO "location_town" VALUES(74,'Mata Palacio (D.M.)',10);
INSERT INTO "location_town" VALUES(75,'Sabana de la Mar',10);
INSERT INTO "location_town" VALUES(76,'Yerba Buena (D.M.)',10);
INSERT INTO "location_town" VALUES(77,'Blanco (D.M.)',11);
INSERT INTO "location_town" VALUES(78,'Salcedo',11);
INSERT INTO "location_town" VALUES(79,'Tenares',11);
INSERT INTO "location_town" VALUES(80,'Villa Tapia',11);
INSERT INTO "location_town" VALUES(81,'Cristóbal',12);
INSERT INTO "location_town" VALUES(82,'Duvergé',12);
INSERT INTO "location_town" VALUES(83,'Guayabal (D.M.)',12);
INSERT INTO "location_town" VALUES(84,'Jimaní',12);
INSERT INTO "location_town" VALUES(85,'La Descubierta',12);
INSERT INTO "location_town" VALUES(86,'Mella',12);
INSERT INTO "location_town" VALUES(87,'Postrer Río',12);
INSERT INTO "location_town" VALUES(88,'Boca de Yuma (D.M.)',13);
INSERT INTO "location_town" VALUES(89,'La Otra Banda (D.M.)',13);
INSERT INTO "location_town" VALUES(90,'Las Lagunas de Nisibon',13);
INSERT INTO "location_town" VALUES(91,'Salvaleón de Higüey',13);
INSERT INTO "location_town" VALUES(92,'San Rafael del Yuma',13);
INSERT INTO "location_town" VALUES(93,'Guaymate',14);
INSERT INTO "location_town" VALUES(94,'La Romana',14);
INSERT INTO "location_town" VALUES(95,'Concepción de la Vega',15);
INSERT INTO "location_town" VALUES(96,'Constanza',15);
INSERT INTO "location_town" VALUES(97,'Jarabacoa',15);
INSERT INTO "location_town" VALUES(98,'Jima Abajo',15);
INSERT INTO "location_town" VALUES(99,'Rincon (D.M.)',15);
INSERT INTO "location_town" VALUES(100,'Río Verde Arriba (D.M.)',15);
INSERT INTO "location_town" VALUES(101,'Tireo (D.M.)',15);
INSERT INTO "location_town" VALUES(102,'Arroyo Salado (D.M.)',16);
INSERT INTO "location_town" VALUES(103,'Cabrera',16);
INSERT INTO "location_town" VALUES(104,'El Factor',16);
INSERT INTO "location_town" VALUES(105,'El Pozo (D.M.)',16);
INSERT INTO "location_town" VALUES(106,'La Entrada (D.M.)',16);
INSERT INTO "location_town" VALUES(107,'Nagua',16);
INSERT INTO "location_town" VALUES(108,'Río San Juan',16);
INSERT INTO "location_town" VALUES(109,'San José de Matanzas (D.M.)',16);
INSERT INTO "location_town" VALUES(110,'Bonao',17);
INSERT INTO "location_town" VALUES(111,'Juan Adrián (D.M.)',17);
INSERT INTO "location_town" VALUES(112,'Maimón',17);
INSERT INTO "location_town" VALUES(113,'Piedra Blanca',17);
INSERT INTO "location_town" VALUES(114,'Sabana del Puerto (D.M.)',17);
INSERT INTO "location_town" VALUES(115,'Villa Sonador (D.M.)',17);
INSERT INTO "location_town" VALUES(116,'Cana Chapetón (D.M.)',18);
INSERT INTO "location_town" VALUES(117,'Castañuela',18);
INSERT INTO "location_town" VALUES(118,'Guayubín',18);
INSERT INTO "location_town" VALUES(119,'Hatillo Palma (D.M.)',18);
INSERT INTO "location_town" VALUES(120,'Las Matas de Santa Cruz',18);
INSERT INTO "location_town" VALUES(121,'Pepillo Salcedo',18);
INSERT INTO "location_town" VALUES(122,'San Fernando de Monte Cristi',18);
INSERT INTO "location_town" VALUES(123,'Villa Elisa (D.M.)',18);
INSERT INTO "location_town" VALUES(124,'Villa Vásquez',18);
INSERT INTO "location_town" VALUES(125,'Bayaguana',19);
INSERT INTO "location_town" VALUES(126,'Don Juan (D.M.)',19);
INSERT INTO "location_town" VALUES(127,'Gonzalo (D.M.)',19);
INSERT INTO "location_town" VALUES(128,'Los Botados (D.M.)',19);
INSERT INTO "location_town" VALUES(129,'Majagual (D.M.)',19);
INSERT INTO "location_town" VALUES(130,'Monte Plata',19);
INSERT INTO "location_town" VALUES(131,'Peralvillo',19);
INSERT INTO "location_town" VALUES(132,'Sabana Grande de Boyá',19);
INSERT INTO "location_town" VALUES(133,'Yamasá',19);
INSERT INTO "location_town" VALUES(134,'Juancho (D.M.)',20);
INSERT INTO "location_town" VALUES(135,'Oviedo',20);
INSERT INTO "location_town" VALUES(136,'Pedernales',20);
INSERT INTO "location_town" VALUES(137,'Baní',21);
INSERT INTO "location_town" VALUES(138,'Matanzas (D.M.)',21);
INSERT INTO "location_town" VALUES(139,'Nizao',21);
INSERT INTO "location_town" VALUES(140,'Paya (D.M.)',21);
INSERT INTO "location_town" VALUES(141,'Pizarrete (D.M.)',21);
INSERT INTO "location_town" VALUES(142,'Sabana Buey (D.M.)',21);
INSERT INTO "location_town" VALUES(143,'Santana (D.M.)',21);
INSERT INTO "location_town" VALUES(144,'Villa Fundación (D.M.)',21);
INSERT INTO "location_town" VALUES(145,'Altamira',22);
INSERT INTO "location_town" VALUES(146,'Estero Hondo (D.M.)',22);
INSERT INTO "location_town" VALUES(147,'Guananico',22);
INSERT INTO "location_town" VALUES(148,'Imbert',22);
INSERT INTO "location_town" VALUES(149,'La Isabela (D.M.)',22);
INSERT INTO "location_town" VALUES(150,'Los Hidalgos',22);
INSERT INTO "location_town" VALUES(151,'Luperón',22);
INSERT INTO "location_town" VALUES(152,'San Felipe de Puerto Plata',22);
INSERT INTO "location_town" VALUES(153,'Sosua',22);
INSERT INTO "location_town" VALUES(154,'Villa Isabela',22);
INSERT INTO "location_town" VALUES(155,'Villa Montellano (D.M.)',22);
INSERT INTO "location_town" VALUES(156,'Las Terrenas',23);
INSERT INTO "location_town" VALUES(157,'Samana',23);
INSERT INTO "location_town" VALUES(158,'Sánchez',23);
INSERT INTO "location_town" VALUES(159,'Cevicos',24);
INSERT INTO "location_town" VALUES(160,'Cotuí',24);
INSERT INTO "location_town" VALUES(161,'Fantino',24);
INSERT INTO "location_town" VALUES(162,'La Cueva (D.M.)',24);
INSERT INTO "location_town" VALUES(163,'La Mata',24);
INSERT INTO "location_town" VALUES(164,'Bajos de Haina',25);
INSERT INTO "location_town" VALUES(165,'Cambita Garabitos',25);
INSERT INTO "location_town" VALUES(166,'El Carril (D.M.)',25);
INSERT INTO "location_town" VALUES(167,'Los Cacaos',25);
INSERT INTO "location_town" VALUES(168,'Sabana Grande de Palenque',25);
INSERT INTO "location_town" VALUES(169,'San Cristóbal',25);
INSERT INTO "location_town" VALUES(170,'San Gregorio de Nigua',25);
INSERT INTO "location_town" VALUES(171,'Villa Altagracia',25);
INSERT INTO "location_town" VALUES(172,'Yaguate',25);
INSERT INTO "location_town" VALUES(173,'La Ciénaga (D.M.)',26);
INSERT INTO "location_town" VALUES(174,'Rancho Arriba',26);
INSERT INTO "location_town" VALUES(175,'Sabana Larga',26);
INSERT INTO "location_town" VALUES(176,'San José de Ocoa',26);
INSERT INTO "location_town" VALUES(177,'Bohechío',27);
INSERT INTO "location_town" VALUES(178,'El Cercado',27);
INSERT INTO "location_town" VALUES(179,'Juan de Herrera',27);
INSERT INTO "location_town" VALUES(180,'Las Matas de Farfán',27);
INSERT INTO "location_town" VALUES(181,'Matayaya (D.M.)',27);
INSERT INTO "location_town" VALUES(182,'Pedro Corto (D.M.)',27);
INSERT INTO "location_town" VALUES(183,'San Juan de la Maguana',27);
INSERT INTO "location_town" VALUES(184,'Vallejuelo',27);
INSERT INTO "location_town" VALUES(185,'Consuelo',28);
INSERT INTO "location_town" VALUES(186,'El Puerto (D.M.)',28);
INSERT INTO "location_town" VALUES(187,'Quisqueya',28);
INSERT INTO "location_town" VALUES(188,'Ramon Santana',28);
INSERT INTO "location_town" VALUES(189,'San Jose de los Llanos',28);
INSERT INTO "location_town" VALUES(190,'San Pedro de Macorís',28);
INSERT INTO "location_town" VALUES(191,'Baitoa (D.M.)',29);
INSERT INTO "location_town" VALUES(192,'El Rubio (D.M.)',29);
INSERT INTO "location_town" VALUES(193,'Hato del Yaque (D.M.)',29);
INSERT INTO "location_town" VALUES(194,'Jánico',29);
INSERT INTO "location_town" VALUES(195,'Juncalito (D.M.)',29);
INSERT INTO "location_town" VALUES(196,'La Canela (D.M.)',29);
INSERT INTO "location_town" VALUES(197,'Licey al Medio',29);
INSERT INTO "location_town" VALUES(198,'Navarrete',29);
INSERT INTO "location_town" VALUES(199,'Palmar Arriba (D.M.)',29);
INSERT INTO "location_town" VALUES(200,'Pedro García (D.M.)',29);
INSERT INTO "location_town" VALUES(201,'Sabana Iglesia (D.M.)',29);
INSERT INTO "location_town" VALUES(202,'San José de las Matas',29);
INSERT INTO "location_town" VALUES(203,'Santiago de los Caballeros',29);
INSERT INTO "location_town" VALUES(204,'Tamboril',29);
INSERT INTO "location_town" VALUES(205,'Villa Gonzalez',29);
INSERT INTO "location_town" VALUES(206,'Monción',30);
INSERT INTO "location_town" VALUES(207,'San Ignacio de Sabaneta',30);
INSERT INTO "location_town" VALUES(208,'Villa Los Almácigos',30);
INSERT INTO "location_town" VALUES(209,'Boca Chica',31);
INSERT INTO "location_town" VALUES(210,'La Victoria (D.M.)',31);
INSERT INTO "location_town" VALUES(211,'Los Alcarrizos',31);
INSERT INTO "location_town" VALUES(212,'Pedro Brand',31);
INSERT INTO "location_town" VALUES(213,'San Antonio de Guerra',31);
INSERT INTO "location_town" VALUES(214,'Santo Domingo Este',31);
INSERT INTO "location_town" VALUES(215,'Santo Domingo Norte',31);
INSERT INTO "location_town" VALUES(216,'Santo Domingo Oeste',31);
INSERT INTO "location_town" VALUES(217,'Amina (D.M.)',32);
INSERT INTO "location_town" VALUES(218,'Esperanza',32);
INSERT INTO "location_town" VALUES(219,'Guatapanal (D.M.)',32);
INSERT INTO "location_town" VALUES(220,'Jaibón (D.M.)',32);
INSERT INTO "location_town" VALUES(221,'Jaibón de Pueblo Nuevo (D.M.)',32);
INSERT INTO "location_town" VALUES(222,'Jicomé (D.M.)',32);
INSERT INTO "location_town" VALUES(223,'La Caya (D.M.)',32);
INSERT INTO "location_town" VALUES(224,'Laguna Salada',32);
INSERT INTO "location_town" VALUES(225,'Maizal (D.M.)',32);
INSERT INTO "location_town" VALUES(226,'Mao',32);
CREATE TABLE "location_province" ("id" integer NOT NULL PRIMARY KEY AUTOINCREMENT, "name" varchar(100) NOT NULL UNIQUE, "region_id" integer NOT NULL REFERENCES "location_region" ("id"));
INSERT INTO "location_province" VALUES(1,' Azua                       ',2);
INSERT INTO "location_province" VALUES(2,' Bahoruco                   ',2);
INSERT INTO "location_province" VALUES(3,' Barahona                   ',2);
INSERT INTO "location_province" VALUES(4,' Dajabón                   ',1);
INSERT INTO "location_province" VALUES(5,' Distrito Nacional          ',3);
INSERT INTO "location_province" VALUES(6,' Duarte                     ',1);
INSERT INTO "location_province" VALUES(7,' Elías Piña               ',2);
INSERT INTO "location_province" VALUES(8,' El Seibo                   ',3);
INSERT INTO "location_province" VALUES(9,' Espaillat                  ',1);
INSERT INTO "location_province" VALUES(10,' Hato Mayor                 ',3);
INSERT INTO "location_province" VALUES(11,' Hermanas Mirabal           ',1);
INSERT INTO "location_province" VALUES(12,' Independencia              ',2);
INSERT INTO "location_province" VALUES(13,' La Altagracia              ',3);
INSERT INTO "location_province" VALUES(14,' La Romana                  ',3);
INSERT INTO "location_province" VALUES(15,' La Vega                    ',1);
INSERT INTO "location_province" VALUES(16,' María Trinidad Sánchez ',1);
INSERT INTO "location_province" VALUES(17,' Monseñor Nouel            ',1);
INSERT INTO "location_province" VALUES(18,' Monte Cristi               ',1);
INSERT INTO "location_province" VALUES(19,' Monte Plata                ',3);
INSERT INTO "location_province" VALUES(20,' Pedernales                 ',2);
INSERT INTO "location_province" VALUES(21,' Peravia                    ',2);
INSERT INTO "location_province" VALUES(22,' Puerto Plata               ',1);
INSERT INTO "location_province" VALUES(23,' Samaná                    ',1);
INSERT INTO "location_province" VALUES(24,' Sánchez Ramírez          ',1);
INSERT INTO "location_province" VALUES(25,' San Cristóbal             ',2);
INSERT INTO "location_province" VALUES(26,' San José de Ocoa          ',2);
INSERT INTO "location_province" VALUES(27,' San Juan                   ',2);
INSERT INTO "location_province" VALUES(28,' San Pedro de Macorís      ',3);
INSERT INTO "location_province" VALUES(29,' Santiago                   ',1);
INSERT INTO "location_province" VALUES(30,' Santiago Rodríguez        ',1);
INSERT INTO "location_province" VALUES(31,' Santo Domingo              ',3);
INSERT INTO "location_province" VALUES(32,' Valverde                   ',1);
CREATE TABLE "commons_kinship" ("id" integer NOT NULL PRIMARY KEY AUTOINCREMENT, "name" varchar(45) NOT NULL UNIQUE);
INSERT INTO "commons_kinship" VALUES(1,'Husband');
INSERT INTO "commons_kinship" VALUES(2,'Wife');
INSERT INTO "commons_kinship" VALUES(3,'Son');
INSERT INTO "commons_kinship" VALUES(4,'Douther');
INSERT INTO "commons_kinship" VALUES(5,'Mother');
INSERT INTO "commons_kinship" VALUES(6,'Father');
CREATE TABLE "commons_marital_status" ("id" integer NOT NULL PRIMARY KEY AUTOINCREMENT, "name" varchar(45) NOT NULL UNIQUE);
INSERT INTO "commons_marital_status" VALUES(1,'Single');
INSERT INTO "commons_marital_status" VALUES(2,'Maried');
INSERT INTO "commons_marital_status" VALUES(3,'Dirvorced');
INSERT INTO "commons_marital_status" VALUES(4,'Widower');
CREATE TABLE "commons_phone_type" ("id" integer NOT NULL PRIMARY KEY AUTOINCREMENT, "name" varchar(45) NOT NULL UNIQUE);
INSERT INTO "commons_phone_type" VALUES(1,'Home');
INSERT INTO "commons_phone_type" VALUES(2,'Mobile');
INSERT INTO "commons_phone_type" VALUES(3,'Work');
INSERT INTO "commons_phone_type" VALUES(4,'Family Phone');
CREATE TABLE "commons_person_type" ("id" integer NOT NULL PRIMARY KEY AUTOINCREMENT, "name" varchar(45) NOT NULL UNIQUE);
INSERT INTO "commons_person_type" VALUES(1,'Employee');
INSERT INTO "commons_person_type" VALUES(2,'Member');
INSERT INTO "commons_person_type" VALUES(3,'Doctor');
INSERT INTO "commons_person_type" VALUES(4,'Supplier');
INSERT INTO "commons_person_type" VALUES(5,'Employee Family');
INSERT INTO "commons_person_type" VALUES(6,'Member Family');
CREATE TABLE "employees_department" ("id" integer NOT NULL PRIMARY KEY AUTOINCREMENT, "name" varchar(45) NOT NULL UNIQUE);
INSERT INTO "employees_department" VALUES(1,'Administración');
INSERT INTO "employees_department" VALUES(2,'Docente');
INSERT INTO "employees_department" VALUES(3,'Servicio al Cliente');
INSERT INTO "employees_department" VALUES(4,'Consergeria');
INSERT INTO "employees_department" VALUES(5,'Mercadeo');
CREATE TABLE "employees_employee_type" ("id" integer NOT NULL PRIMARY KEY AUTOINCREMENT, "name" varchar(45) NOT NULL UNIQUE);
INSERT INTO "employees_employee_type" VALUES(1,'Fijo');
INSERT INTO "employees_employee_type" VALUES(2,'Temporero');
INSERT INTO "employees_employee_type" VALUES(3,'Pasante');
CREATE TABLE "employees_workday" ("id" integer NOT NULL PRIMARY KEY AUTOINCREMENT, "name" varchar(10) NOT NULL UNIQUE);
INSERT INTO "employees_workday" VALUES(1,'Lunes');
INSERT INTO "employees_workday" VALUES(2,'Martes');
INSERT INTO "employees_workday" VALUES(3,'Miércoles');
INSERT INTO "employees_workday" VALUES(4,'Jueves');
INSERT INTO "employees_workday" VALUES(5,'Viernes');
INSERT INTO "employees_workday" VALUES(6,'Sábado');
INSERT INTO "employees_workday" VALUES(7,'Domingo');
CREATE TABLE "employees_work_schedule" ("id" integer NOT NULL PRIMARY KEY AUTOINCREMENT, "name" varchar(45) NOT NULL UNIQUE, "start_hour" time NOT NULL, "end_hour" time NOT NULL);
INSERT INTO "employees_work_schedule" VALUES(1,'Horario de Oficina','08:00:00','17:00:00');
CREATE TABLE "employees_work_schedule_workdays" ("id" integer NOT NULL PRIMARY KEY AUTOINCREMENT, "workschedule_id" integer NOT NULL REFERENCES "employees_work_schedule" ("id"), "workday_id" integer NOT NULL REFERENCES "employees_workday" ("id"), UNIQUE ("workschedule_id", "workday_id"));
INSERT INTO "employees_work_schedule_workdays" VALUES(6,1,1);
INSERT INTO "employees_work_schedule_workdays" VALUES(7,1,2);
INSERT INTO "employees_work_schedule_workdays" VALUES(8,1,3);
INSERT INTO "employees_work_schedule_workdays" VALUES(9,1,4);
INSERT INTO "employees_work_schedule_workdays" VALUES(10,1,5);
CREATE TABLE "housing_property_type" ("id" integer NOT NULL PRIMARY KEY AUTOINCREMENT, "name" varchar(45) NOT NULL UNIQUE);
INSERT INTO "housing_property_type" VALUES(1,'Own');
INSERT INTO "housing_property_type" VALUES(2,'Rent');
INSERT INTO "housing_property_type" VALUES(3,'Provided');
CREATE TABLE "members_cane" ("id" integer NOT NULL PRIMARY KEY AUTOINCREMENT, "name" integer unsigned NOT NULL);
INSERT INTO "members_cane" VALUES(1,38);
INSERT INTO "members_cane" VALUES(2,44);
INSERT INTO "members_cane" VALUES(3,46);
INSERT INTO "members_cane" VALUES(4,48);
INSERT INTO "members_cane" VALUES(5,52);
INSERT INTO "members_cane" VALUES(6,56);
CREATE TABLE "members_disability" ("id" integer NOT NULL PRIMARY KEY AUTOINCREMENT, "name" varchar(40) NOT NULL UNIQUE);
INSERT INTO "members_disability" VALUES(1,'Cataratas');
INSERT INTO "members_disability" VALUES(2,'Glaucoma');
INSERT INTO "members_disability" VALUES(3,'Retinosis Pigmentosa');
INSERT INTO "members_disability" VALUES(4,'Diabetes');
INSERT INTO "members_disability" VALUES(5,'Nacimiento Prematuro');
CREATE TABLE "members_member_disabilities" ("id" integer NOT NULL PRIMARY KEY AUTOINCREMENT, "member_id" integer NOT NULL REFERENCES "members_member" ("person_ptr_id"), "disability_id" integer NOT NULL REFERENCES "members_disability" ("id"), UNIQUE ("member_id", "disability_id"));
INSERT INTO "members_member_disabilities" VALUES(91,38,1);
INSERT INTO "members_member_disabilities" VALUES(92,38,2);
INSERT INTO "members_member_disabilities" VALUES(95,24,2);
INSERT INTO "members_member_disabilities" VALUES(96,24,3);
INSERT INTO "members_member_disabilities" VALUES(98,23,2);
INSERT INTO "members_member_disabilities" VALUES(99,23,4);
INSERT INTO "members_member_disabilities" VALUES(100,15,5);
INSERT INTO "members_member_disabilities" VALUES(101,33,1);
INSERT INTO "members_member_disabilities" VALUES(102,35,1);
INSERT INTO "members_member_disabilities" VALUES(104,31,4);
INSERT INTO "members_member_disabilities" VALUES(106,29,1);
INSERT INTO "members_member_disabilities" VALUES(109,22,2);
INSERT INTO "members_member_disabilities" VALUES(111,11,1);
INSERT INTO "members_member_disabilities" VALUES(112,3,4);
INSERT INTO "members_member_disabilities" VALUES(113,27,2);
INSERT INTO "members_member_disabilities" VALUES(114,27,4);
CREATE TABLE "members_occupation" ("id" integer NOT NULL PRIMARY KEY AUTOINCREMENT, "name" varchar(40) NOT NULL UNIQUE);
INSERT INTO "members_occupation" VALUES(1,'Masajista');
INSERT INTO "members_occupation" VALUES(2,'Operadora telefónica');
INSERT INTO "members_occupation" VALUES(3,'profesor(a)');
CREATE TABLE "doctors_doctor" ("person_ptr_id" integer NOT NULL PRIMARY KEY REFERENCES "people_person" ("id"));
INSERT INTO "doctors_doctor" VALUES(5);
INSERT INTO "doctors_doctor" VALUES(17);
INSERT INTO "doctors_doctor" VALUES(18);
INSERT INTO "doctors_doctor" VALUES(19);
INSERT INTO "doctors_doctor" VALUES(20);
INSERT INTO "doctors_doctor" VALUES(21);
CREATE TABLE "doctors_medicine" ("id" integer NOT NULL PRIMARY KEY AUTOINCREMENT, "name" varchar(50) NOT NULL UNIQUE);
INSERT INTO "doctors_medicine" VALUES(1,'Brimopress (Gotas)');
INSERT INTO "doctors_medicine" VALUES(2,'Combigan (Gotas)');
INSERT INTO "doctors_medicine" VALUES(3,'Lagrimax');
INSERT INTO "doctors_medicine" VALUES(4,'Lexapro 10 mg (Pastilla)');
INSERT INTO "doctors_medicine" VALUES(5,'Lubrimax');
INSERT INTO "doctors_medicine" VALUES(6,'Lumigran 0.03% (Gotas)');
INSERT INTO "doctors_medicine" VALUES(7,'Nicotears (Gotas)');
INSERT INTO "doctors_medicine" VALUES(8,'Oculpres D');
INSERT INTO "doctors_medicine" VALUES(9,'Omnipred (Gotas)');
INSERT INTO "doctors_medicine" VALUES(10,'Patanol (Gotas)');
INSERT INTO "doctors_medicine" VALUES(11,'Presol Forte');
INSERT INTO "doctors_medicine" VALUES(12,'Refresh Tears (Gotas)');
INSERT INTO "doctors_medicine" VALUES(13,'Restasis (Gotas)');
INSERT INTO "doctors_medicine" VALUES(14,'Sedosal (Pastilla)');
INSERT INTO "doctors_medicine" VALUES(15,'Tioff Plus (Gotas)');
INSERT INTO "doctors_medicine" VALUES(16,'Toradex (Gotas)');
INSERT INTO "doctors_medicine" VALUES(17,'Zinasen Comprimidos (Pastillas)');
INSERT INTO "doctors_medicine" VALUES(18,'Allergran');
CREATE TABLE "doctors_prescribed_medicines" ("id" integer NOT NULL PRIMARY KEY AUTOINCREMENT, "quantity" real NOT NULL, "unit" varchar(1) NOT NULL, "frecuency" real NOT NULL, "frecuency_unit" varchar(1) NOT NULL, "appointment_id" integer NOT NULL REFERENCES "doctors_appointment" ("id"), "medicine_id" integer NOT NULL REFERENCES "doctors_medicine" ("id"));
INSERT INTO "doctors_prescribed_medicines" VALUES(1,1.0,'G',8.0,'H',1,3);
INSERT INTO "doctors_prescribed_medicines" VALUES(2,1.0,'G',1.0,'H',2,1);
INSERT INTO "doctors_prescribed_medicines" VALUES(3,1.0,'G',8.0,'H',3,13);
INSERT INTO "doctors_prescribed_medicines" VALUES(4,1.0,'G',7.0,'H',4,7);
INSERT INTO "doctors_prescribed_medicines" VALUES(5,1.0,'P',6.0,'H',4,17);
INSERT INTO "doctors_prescribed_medicines" VALUES(6,1.0,'G',6.0,'D',5,2);
INSERT INTO "doctors_prescribed_medicines" VALUES(7,1.0,'P',6.0,'H',5,14);
CREATE TABLE "doctors_speciality" ("id" integer NOT NULL PRIMARY KEY AUTOINCREMENT, "name" varchar(60) NOT NULL UNIQUE);
INSERT INTO "doctors_speciality" VALUES(1,'Alergología');
INSERT INTO "doctors_speciality" VALUES(2,'Anatomía patológica‎');
INSERT INTO "doctors_speciality" VALUES(3,'Anestesiología‎');
INSERT INTO "doctors_speciality" VALUES(4,'Angiología‎');
INSERT INTO "doctors_speciality" VALUES(5,'Biomedicina');
INSERT INTO "doctors_speciality" VALUES(6,'Bioquímica clínica');
INSERT INTO "doctors_speciality" VALUES(7,'Bioética‎');
INSERT INTO "doctors_speciality" VALUES(8,'Cardiología');
INSERT INTO "doctors_speciality" VALUES(9,'Ciencias de la nutrición');
INSERT INTO "doctors_speciality" VALUES(10,'Ciencias forenses');
INSERT INTO "doctors_speciality" VALUES(11,'Cirugía');
INSERT INTO "doctors_speciality" VALUES(12,'Cirugía general y del aparato digestivo‎');
INSERT INTO "doctors_speciality" VALUES(13,'Cirugía plástica‎');
INSERT INTO "doctors_speciality" VALUES(14,'Cirugía torácica');
INSERT INTO "doctors_speciality" VALUES(15,'Dermatología');
INSERT INTO "doctors_speciality" VALUES(16,'Dietética');
INSERT INTO "doctors_speciality" VALUES(17,'Embriología');
INSERT INTO "doctors_speciality" VALUES(18,'Endocrinología');
INSERT INTO "doctors_speciality" VALUES(19,'Epidemiología‎');
INSERT INTO "doctors_speciality" VALUES(20,'Farmacología clínica');
INSERT INTO "doctors_speciality" VALUES(21,'Física médica');
INSERT INTO "doctors_speciality" VALUES(22,'Fitoterapia');
INSERT INTO "doctors_speciality" VALUES(23,'Gastroenterología‎');
INSERT INTO "doctors_speciality" VALUES(24,'Geriatría‎');
INSERT INTO "doctors_speciality" VALUES(25,'Gerontología‎');
INSERT INTO "doctors_speciality" VALUES(26,'Hematología‎');
INSERT INTO "doctors_speciality" VALUES(27,'Hepatología‎');
INSERT INTO "doctors_speciality" VALUES(28,'Infectología‎');
INSERT INTO "doctors_speciality" VALUES(29,'Informática en salud‎');
INSERT INTO "doctors_speciality" VALUES(30,'Ingeniería biomédica‎');
INSERT INTO "doctors_speciality" VALUES(31,'Inmunología');
INSERT INTO "doctors_speciality" VALUES(32,'Medicina aeronáutica‎');
INSERT INTO "doctors_speciality" VALUES(33,'Medicina del trabajo‎');
INSERT INTO "doctors_speciality" VALUES(34,'Medicina deportiva‎');
INSERT INTO "doctors_speciality" VALUES(35,'Medicina estética‎');
INSERT INTO "doctors_speciality" VALUES(36,'Medicina Familiar y Comunitaria');
INSERT INTO "doctors_speciality" VALUES(37,'Medicina intensiva‎');
INSERT INTO "doctors_speciality" VALUES(38,'Medicina interna');
INSERT INTO "doctors_speciality" VALUES(39,'Medicina nuclear');
INSERT INTO "doctors_speciality" VALUES(40,'Medicina preventiva‎');
INSERT INTO "doctors_speciality" VALUES(41,'Medicina traslacional');
INSERT INTO "doctors_speciality" VALUES(42,'Nefrología');
INSERT INTO "doctors_speciality" VALUES(43,'Neumología');
INSERT INTO "doctors_speciality" VALUES(44,'Neurología‎');
INSERT INTO "doctors_speciality" VALUES(45,'Obstetricia y ginecología');
INSERT INTO "doctors_speciality" VALUES(46,'Odontología');
INSERT INTO "doctors_speciality" VALUES(47,'Oftalmología');
INSERT INTO "doctors_speciality" VALUES(48,'Oncología‎');
INSERT INTO "doctors_speciality" VALUES(49,'Optometría‎');
INSERT INTO "doctors_speciality" VALUES(50,'Ortopedia‎');
INSERT INTO "doctors_speciality" VALUES(51,'Otorrinolaringología‎');
INSERT INTO "doctors_speciality" VALUES(52,'Parasitología');
INSERT INTO "doctors_speciality" VALUES(53,'Pediatría‎');
INSERT INTO "doctors_speciality" VALUES(54,'Podología');
INSERT INTO "doctors_speciality" VALUES(55,'Psiquiatría‎');
INSERT INTO "doctors_speciality" VALUES(56,'Radiología');
INSERT INTO "doctors_speciality" VALUES(57,'Reumatología‎');
INSERT INTO "doctors_speciality" VALUES(58,'Rinología‎');
INSERT INTO "doctors_speciality" VALUES(59,'Semiología clínica');
INSERT INTO "doctors_speciality" VALUES(60,'Toxicología');
INSERT INTO "doctors_speciality" VALUES(61,'Traumatología‎');
INSERT INTO "doctors_speciality" VALUES(62,'Psicología');
CREATE TABLE "doctors_doctor_specialities" ("id" integer NOT NULL PRIMARY KEY AUTOINCREMENT, "doctor_id" integer NOT NULL REFERENCES "doctors_doctor" ("person_ptr_id"), "speciality_id" integer NOT NULL REFERENCES "doctors_speciality" ("id"), UNIQUE ("doctor_id", "speciality_id"));
INSERT INTO "doctors_doctor_specialities" VALUES(7,5,11);
INSERT INTO "doctors_doctor_specialities" VALUES(8,5,47);
INSERT INTO "doctors_doctor_specialities" VALUES(16,20,62);
INSERT INTO "doctors_doctor_specialities" VALUES(19,19,55);
INSERT INTO "doctors_doctor_specialities" VALUES(20,18,47);
INSERT INTO "doctors_doctor_specialities" VALUES(21,17,1);
INSERT INTO "doctors_doctor_specialities" VALUES(22,21,2);
INSERT INTO "doctors_doctor_specialities" VALUES(23,21,43);
CREATE TABLE "suppliers_suppliercontact" ("person_ptr_id" integer NOT NULL PRIMARY KEY REFERENCES "people_person" ("id"), "supplier_company_id" integer NOT NULL REFERENCES "suppliers_supplier_company" ("id"));
INSERT INTO "suppliers_suppliercontact" VALUES(6,1);
INSERT INTO "suppliers_suppliercontact" VALUES(7,11);
CREATE TABLE "suppliers_suppliertype" ("id" integer NOT NULL PRIMARY KEY AUTOINCREMENT, "name" varchar(45) NOT NULL UNIQUE);
INSERT INTO "suppliers_suppliertype" VALUES(1,'Clínica');
INSERT INTO "suppliers_suppliertype" VALUES(2,'Farmacia');
INSERT INTO "suppliers_suppliertype" VALUES(3,'Papelería');
CREATE TABLE "doctors_doctor_clinic" ("id" integer NOT NULL PRIMARY KEY AUTOINCREMENT, "doctor_id" integer NOT NULL REFERENCES "doctors_doctor" ("person_ptr_id"), "clinic_id" integer NOT NULL REFERENCES "suppliers_supplier_company" ("id"), UNIQUE ("doctor_id", "clinic_id"));
INSERT INTO "doctors_doctor_clinic" VALUES(9,5,2);
INSERT INTO "doctors_doctor_clinic" VALUES(10,5,5);
INSERT INTO "doctors_doctor_clinic" VALUES(24,20,1);
INSERT INTO "doctors_doctor_clinic" VALUES(27,19,10);
INSERT INTO "doctors_doctor_clinic" VALUES(28,18,8);
INSERT INTO "doctors_doctor_clinic" VALUES(29,18,10);
INSERT INTO "doctors_doctor_clinic" VALUES(30,17,1);
INSERT INTO "doctors_doctor_clinic" VALUES(31,17,4);
INSERT INTO "doctors_doctor_clinic" VALUES(32,21,3);
INSERT INTO "doctors_doctor_clinic" VALUES(33,21,4);
CREATE TABLE "suppliers_supplier_company" ("id" integer NOT NULL PRIMARY KEY AUTOINCREMENT, "name" varchar(60) NOT NULL UNIQUE, "address" varchar(100) NOT NULL, "phone_number" varchar(20) NOT NULL, "email" varchar(254) NULL, "company_logo" varchar(100) NULL, "country_id" integer NOT NULL REFERENCES "location_country" ("id"), "province_id" integer NOT NULL REFERENCES "location_province" ("id"), "supplier_type_id" integer NOT NULL REFERENCES "suppliers_suppliertype" ("id"), "town_id" integer NOT NULL REFERENCES "location_town" ("id"), "region_id" integer NOT NULL REFERENCES "location_region" ("id"));
INSERT INTO "suppliers_supplier_company" VALUES(1,'Centro Médico Cibao','Calle Duate #','809-582-7890','','suppliers_logos/centro_medico_cibao.png',1,29,1,203,1);
INSERT INTO "suppliers_supplier_company" VALUES(2,'Clínica Bonilla','Calle Restauración #','809-581-5643','','suppliers_logos/clinica_bonilla.jpg',1,29,1,203,1);
INSERT INTO "suppliers_supplier_company" VALUES(3,'Clínica Corominas','Calle Restauración #','809-581-5643','','suppliers_logos/clinica_corominas.jpg',1,29,1,203,1);
INSERT INTO "suppliers_supplier_company" VALUES(4,'Clínica Unión Médica','Calle Duate #','809-582-6754','','suppliers_logos/union_medica_W405tGT.jpg',1,29,1,203,1);
INSERT INTO "suppliers_supplier_company" VALUES(5,'Hospital Cabral y Báez','Calle Sabana Larga #','809-582-7890','','suppliers_logos/cabaral_ibaez.jpg',1,29,1,203,1);
INSERT INTO "suppliers_supplier_company" VALUES(6,'Hospital de Ojos Monumento Viviente','Calle Duate #','809-582-7890','','',1,29,1,203,1);
INSERT INTO "suppliers_supplier_company" VALUES(7,'Hospital Metropolitado de Santiago (HOMS)','Autopista Duerte #','829-582-5432','','suppliers_logos/homs.png',1,29,1,203,1);
INSERT INTO "suppliers_supplier_company" VALUES(8,'Hospital Periférico Bella Vista','Calle 11 #','809-582-6754','','',1,29,1,203,1);
INSERT INTO "suppliers_supplier_company" VALUES(9,'Instituto Oftalmológico','Calle 11 #','809-581-6756','','',1,29,1,203,1);
INSERT INTO "suppliers_supplier_company" VALUES(10,'Seguro Social','Av. 27 de Febrero','809-582-7890','','suppliers_logos/seguro_social.gif',1,29,1,203,1);
INSERT INTO "suppliers_supplier_company" VALUES(11,'Farmacia San Luis','Calle Duate #','829-582-5432','','',1,29,2,203,1);
INSERT INTO "suppliers_supplier_company" VALUES(12,'Papelería Maxan','Calle del Sol #56','809-654-2345','','suppliers_logos/maxan_papeleria.gif',1,29,3,203,1);
CREATE TABLE "employees_position_levels" ("id" integer NOT NULL PRIMARY KEY AUTOINCREMENT, "name" varchar(45) NOT NULL UNIQUE, "description" varchar(45) NULL UNIQUE);
INSERT INTO "employees_position_levels" VALUES(1,'Nivel 1',NULL);
INSERT INTO "employees_position_levels" VALUES(2,'Nivel 2',NULL);
INSERT INTO "employees_position_levels" VALUES(3,'Nivel 3',NULL);
INSERT INTO "employees_position_levels" VALUES(4,'Nivel 4',NULL);
INSERT INTO "employees_position_levels" VALUES(5,'Nivel 5',NULL);
CREATE TABLE "employees_position" ("id" integer NOT NULL PRIMARY KEY AUTOINCREMENT, "name" varchar(50) NOT NULL UNIQUE, "department_id" integer NOT NULL REFERENCES "employees_department" ("id"), "position_level_id" integer NULL REFERENCES "employees_position_lavels" ("id"));
INSERT INTO "employees_position" VALUES(1,'Presidente',1,5);
INSERT INTO "employees_position" VALUES(2,'Vice-presidente',1,4);
INSERT INTO "employees_position" VALUES(3,'Profesor(a)',2,3);
INSERT INTO "employees_position" VALUES(4,'Conserge',4,1);
INSERT INTO "employees_position" VALUES(5,'Secretaria',3,2);
INSERT INTO "employees_position" VALUES(6,'Encargado de Mercadeo',5,3);
CREATE TABLE "employees_employee" ("person_ptr_id" integer NOT NULL PRIMARY KEY REFERENCES "people_person" ("id"), "hiring_date" date NOT NULL, "salary" real NOT NULL, "contract_termination_date" date NULL, "department_id" integer NOT NULL REFERENCES "employees_department" ("id"), "employee_type_id" integer NOT NULL REFERENCES "employees_employee_type" ("id"), "position_id" integer NOT NULL REFERENCES "employees_position" ("id"), "workSchedule_id" integer NOT NULL REFERENCES "employees_work_schedule" ("id"), "academic_level_id" integer NOT NULL REFERENCES "commons_academic_level" ("id"));
INSERT INTO "employees_employee" VALUES(1,'2010-01-28',15000.0,NULL,2,1,3,1,3);
INSERT INTO "employees_employee" VALUES(8,'2009-01-31',40000.0,NULL,1,1,1,1,2);
INSERT INTO "employees_employee" VALUES(9,'2010-01-31',13000.0,NULL,3,1,5,1,3);
INSERT INTO "employees_employee" VALUES(10,'2009-01-31',6000.0,NULL,4,1,4,1,1);
INSERT INTO "employees_employee" VALUES(13,'2010-02-02',20000.0,NULL,5,1,6,1,3);
INSERT INTO "employees_employee" VALUES(14,'2016-02-03',6000.0,NULL,4,2,4,1,1);
CREATE TABLE "people_person_address" ("id" integer NOT NULL PRIMARY KEY AUTOINCREMENT, "building" varchar(20) NULL, "apartment" varchar(20) NULL, "street" varchar(40) NOT NULL, "address_type_id" integer NOT NULL REFERENCES "location_address_type" ("id"), "country_id" integer NOT NULL REFERENCES "location_country" ("id"), "person_name_id" integer NOT NULL REFERENCES "people_person" ("id"), "province_id" integer NOT NULL REFERENCES "location_province" ("id"), "region_id" integer NOT NULL REFERENCES "location_region" ("id"), "town_id" integer NOT NULL REFERENCES "location_town" ("id"), "is_default" bool NOT NULL);
INSERT INTO "people_person_address" VALUES(1,'','','Penetraron 2da #32',1,1,1,29,1,204,0);
INSERT INTO "people_person_address" VALUES(2,'','','calle duarte # 34',1,1,3,9,1,67,0);
INSERT INTO "people_person_address" VALUES(3,'','','calle duarte # 34',1,1,8,29,1,205,0);
INSERT INTO "people_person_address" VALUES(4,'','','calle duarte # 34',1,1,9,29,1,197,0);
INSERT INTO "people_person_address" VALUES(5,'','','calle duarte # 34',1,1,10,29,1,196,0);
INSERT INTO "people_person_address" VALUES(6,'','','calle colón #45',1,1,11,29,1,197,0);
INSERT INTO "people_person_address" VALUES(7,'','','calle duarte # 34',1,1,13,29,1,202,0);
INSERT INTO "people_person_address" VALUES(8,'','','calle duarte # 34',1,1,14,29,1,197,0);
INSERT INTO "people_person_address" VALUES(9,'','','calle duarte # 34',1,1,15,29,1,201,0);
INSERT INTO "people_person_address" VALUES(10,'','','calle Francisco gonzales #45',1,1,22,29,1,197,1);
INSERT INTO "people_person_address" VALUES(11,'','','jbjbnknlnklnlkn.n.,mn.,mn',1,1,23,29,1,200,0);
INSERT INTO "people_person_address" VALUES(12,'','','calle Francisco gonzales #45',1,1,24,29,1,199,1);
INSERT INTO "people_person_address" VALUES(13,'','','calle duarte',2,1,24,29,1,191,0);
INSERT INTO "people_person_address" VALUES(14,'','','calle Francisco gonzales #45',1,1,27,29,1,197,0);
INSERT INTO "people_person_address" VALUES(15,'34','4-C','calle duarte # 34',1,1,29,29,1,197,0);
INSERT INTO "people_person_address" VALUES(16,'5','3-A','calle duarte # 34',1,1,31,29,1,196,0);
INSERT INTO "people_person_address" VALUES(17,'','','calle duarte # 34',1,1,33,29,1,196,0);
INSERT INTO "people_person_address" VALUES(18,'','','calle colón #45',1,1,35,29,1,198,0);
INSERT INTO "people_person_address" VALUES(19,'','','Duarte # 78',1,1,38,9,1,67,1);
CREATE TABLE "people_person_phone" ("id" integer NOT NULL PRIMARY KEY AUTOINCREMENT, "phone_number" varchar(20) NOT NULL, "person_name_id" integer NOT NULL REFERENCES "people_person" ("id"), "phone_type_id" integer NOT NULL REFERENCES "commons_phone_type" ("id"), "is_default" bool NOT NULL, UNIQUE ("person_name_id", "phone_type_id"));
INSERT INTO "people_person_phone" VALUES(1,'829-567-0001',5,1,0);
INSERT INTO "people_person_phone" VALUES(2,'829-567-0002',5,2,0);
INSERT INTO "people_person_phone" VALUES(3,'829-567-0003',5,3,0);
INSERT INTO "people_person_phone" VALUES(4,'829-581-0004',17,1,0);
INSERT INTO "people_person_phone" VALUES(5,'829-581-0005',17,2,0);
INSERT INTO "people_person_phone" VALUES(6,'829-581-0006',17,3,1);
INSERT INTO "people_person_phone" VALUES(7,'809-123-0001',18,1,0);
INSERT INTO "people_person_phone" VALUES(8,'809-123-0002',18,2,0);
INSERT INTO "people_person_phone" VALUES(9,'809-123-0003',18,3,1);
INSERT INTO "people_person_phone" VALUES(10,'829-567-0001',19,1,0);
INSERT INTO "people_person_phone" VALUES(11,'829-567-0002',19,2,0);
INSERT INTO "people_person_phone" VALUES(12,'829-567-0003',19,3,1);
INSERT INTO "people_person_phone" VALUES(13,'829-678-0001',20,3,1);
INSERT INTO "people_person_phone" VALUES(14,'829-567-0001',21,3,1);
INSERT INTO "people_person_phone" VALUES(15,'829-567-0002',21,1,0);
INSERT INTO "people_person_phone" VALUES(16,'809-678-0987',14,1,0);
INSERT INTO "people_person_phone" VALUES(17,'829-765-0001',13,2,0);
INSERT INTO "people_person_phone" VALUES(18,'829-567-0002',13,3,0);
INSERT INTO "people_person_phone" VALUES(19,'809-345-4321',10,1,0);
INSERT INTO "people_person_phone" VALUES(20,'829-876-5432',9,2,0);
INSERT INTO "people_person_phone" VALUES(21,'829-567-4523',7,3,0);
INSERT INTO "people_person_phone" VALUES(22,'809-765-3412',7,2,1);
INSERT INTO "people_person_phone" VALUES(23,'829-582-3456',22,1,0);
INSERT INTO "people_person_phone" VALUES(24,'829-567-0001',23,2,0);
INSERT INTO "people_person_phone" VALUES(25,'829-567-0002',23,1,0);
INSERT INTO "people_person_phone" VALUES(26,'829-567-0001',15,2,0);
INSERT INTO "people_person_phone" VALUES(27,'829-567-0002',15,1,1);
INSERT INTO "people_person_phone" VALUES(28,'829-581-0004',11,3,0);
INSERT INTO "people_person_phone" VALUES(29,'829-581-0005',11,1,1);
INSERT INTO "people_person_phone" VALUES(30,'829-567-0001',3,2,0);
INSERT INTO "people_person_phone" VALUES(31,'829-567-0002',3,1,1);
INSERT INTO "people_person_phone" VALUES(32,'809-765-4323',24,1,0);
INSERT INTO "people_person_phone" VALUES(33,'829-876-5432',24,3,1);
INSERT INTO "people_person_phone" VALUES(34,'829-567-0001',8,1,0);
INSERT INTO "people_person_phone" VALUES(35,'829-582-3456',1,1,0);
INSERT INTO "people_person_phone" VALUES(36,'829-581-0006',24,2,0);
INSERT INTO "people_person_phone" VALUES(37,'829-567-8765',24,4,0);
INSERT INTO "people_person_phone" VALUES(38,'829-582-3456',27,1,0);
INSERT INTO "people_person_phone" VALUES(39,'829-581-0004',29,1,0);
INSERT INTO "people_person_phone" VALUES(40,'829-582-3456',31,1,0);
INSERT INTO "people_person_phone" VALUES(41,'829-581-0004',33,1,0);
INSERT INTO "people_person_phone" VALUES(42,'829-582-3456',35,1,0);
INSERT INTO "people_person_phone" VALUES(43,'809-578-8978',38,1,0);
CREATE TABLE "people_person" ("id" integer NOT NULL PRIMARY KEY AUTOINCREMENT, "created" datetime NOT NULL, "modified" datetime NOT NULL, "created_with_session_key" varchar(40) NULL, "modified_with_session_key" varchar(40) NULL, "names" varchar(100) NOT NULL, "father_last_name" varchar(50) NOT NULL, "mother_last_name" varchar(50) NULL, "gender" varchar(1) NULL, "birth_day" date NOT NULL, "document_id" varchar(22) NULL, "picture" varchar(100) NULL, "status" bool NOT NULL, "created_by_id" integer NULL REFERENCES "auth_user" ("id"), "dependent_of_id" integer NULL REFERENCES "people_person" ("id"), "document_type_id" integer NULL REFERENCES "commons_document_type" ("id"), "kinship_id" integer NULL REFERENCES "commons_kinship" ("id"), "marital_status_id" integer NOT NULL REFERENCES "commons_marital_status" ("id"), "modified_by_id" integer NULL REFERENCES "auth_user" ("id"), "nationality_id" integer NOT NULL REFERENCES "location_nationality" ("id"), "person_type_id" integer NULL REFERENCES "commons_person_type" ("id"), "email" varchar(254) NOT NULL);
INSERT INTO "people_person" VALUES(1,'2016-01-28 20:31:27.775955','2016-02-14 05:42:29.756185',NULL,NULL,'Juan Manuel','De la Rosa','','F','1976-01-28','000-0000000-0','',1,NULL,NULL,1,NULL,2,NULL,21,1,'juandelarosa@hotmail.com');
INSERT INTO "people_person" VALUES(2,'2016-01-28 20:31:27.819307','2016-01-28 21:01:26.894994',NULL,NULL,'Ana María','De la Rosa','','F','1978-01-28',NULL,'',1,NULL,1,NULL,2,2,NULL,21,5,'');
INSERT INTO "people_person" VALUES(3,'2016-01-29 13:41:11.570010','2016-05-21 18:41:51.973442',NULL,NULL,'Ramona Altagracia','Contreras','','F','1950-07-27','000-0000000-0','people_pictures/persona1_oxyEHxN.png',0,NULL,NULL,1,NULL,4,NULL,21,2,'');
INSERT INTO "people_person" VALUES(4,'2016-01-29 13:44:08.237441','2016-01-29 13:44:08.281019',NULL,NULL,'Julia Maria','Almanzar','Contreras','F','1994-01-29',NULL,'',1,NULL,3,NULL,4,1,NULL,21,6,'');
INSERT INTO "people_person" VALUES(5,'2016-01-29 14:44:13.423744','2016-02-03 20:42:19.184629',NULL,NULL,'Fernando Antonio','Fernandez','','M','1975-01-29','000-0000000-0','',1,NULL,NULL,1,NULL,1,NULL,21,3,'ffernandez@gmail.com');
INSERT INTO "people_person" VALUES(6,'2016-01-29 21:55:22.555247','2016-01-29 22:35:08.393929',NULL,NULL,'Marcos Antonio','Aybar','','M','1989-01-29',NULL,'',1,NULL,NULL,NULL,NULL,1,NULL,21,4,'maybar@hotmail.com');
INSERT INTO "people_person" VALUES(7,'2016-01-29 22:55:13.540413','2016-02-14 05:29:28.923867',NULL,NULL,'Luisa María','Alvares','','F','1990-01-29',NULL,'people_pictures/google-drive-transparent.png',1,NULL,NULL,NULL,NULL,1,NULL,21,4,'lalvares@hotmail.com');
INSERT INTO "people_person" VALUES(8,'2016-01-31 05:32:23.864164','2016-02-14 05:42:21.827730',NULL,NULL,'Angel Manuel','Rodriguez','','M','1972-01-31','000-0000000-0','',1,NULL,NULL,1,NULL,1,NULL,21,1,'anmro@hotmail.com');
INSERT INTO "people_person" VALUES(9,'2016-01-31 15:43:30.804243','2016-02-14 05:42:48.379812',NULL,NULL,'María José','Rosario','Almonte','F','1978-01-31','000-0000000-0','people_pictures/google-drive-transparent_ZyP1Z4p.png',1,NULL,8,1,NULL,1,NULL,21,1,'marosario@hotmail.com');
INSERT INTO "people_person" VALUES(10,'2016-01-31 15:50:00.075543','2016-02-10 02:22:14.240232',NULL,NULL,'Juana María','Santos','','F','1970-01-31','000-0000000-0','',1,NULL,9,1,NULL,2,NULL,21,1,'');
INSERT INTO "people_person" VALUES(11,'2016-01-31 22:50:52.408144','2016-05-21 18:41:29.726929',NULL,NULL,'Pablo','García','','M','1999-01-31','000-0000000-0','people_pictures/persona5_sCjJVRv.jpg',1,NULL,NULL,1,NULL,2,NULL,33,2,'pablogarcia@hotmail.com');
INSERT INTO "people_person" VALUES(12,'2016-01-31 22:50:52.445596','2016-01-31 22:50:52.487740',NULL,NULL,'Juan Pablo','García','','M','1978-01-31',NULL,'',1,NULL,11,NULL,5,1,NULL,21,6,'');
INSERT INTO "people_person" VALUES(13,'2016-02-02 21:30:28.436729','2016-02-10 02:22:35.797905',NULL,NULL,'José Ramón','Contreras','','M','1994-02-02','000-0000000-0','',1,NULL,8,1,NULL,1,NULL,21,1,'');
INSERT INTO "people_person" VALUES(14,'2016-02-03 03:58:30.284896','2016-02-10 02:22:03.082736',NULL,NULL,'Alejandro','Martinez','','M','1996-02-02','000-0000000-0','',1,NULL,9,1,NULL,1,NULL,21,1,'');
INSERT INTO "people_person" VALUES(15,'2016-02-03 15:12:08.787644','2016-05-21 18:31:08.203273',NULL,NULL,'Amalfy Eugenia','Mendosa','','F','2000-02-03','000-0000000-0','people_pictures/persona2.jpg',1,NULL,NULL,1,NULL,1,NULL,21,2,'');
INSERT INTO "people_person" VALUES(16,'2016-02-03 15:18:31.565518','2016-02-03 15:18:31.617744',NULL,NULL,'Pablo Junior','García','','M','2010-02-03',NULL,'',1,NULL,11,NULL,3,1,NULL,21,6,'');
INSERT INTO "people_person" VALUES(17,'2016-02-03 20:44:24.396620','2016-02-04 04:05:10.554475',NULL,NULL,'Ana María','Polo','','F','1965-02-03','000-0000000-0','',1,NULL,NULL,1,NULL,1,NULL,21,3,'anamariapolo@gmail.com');
INSERT INTO "people_person" VALUES(18,'2016-02-03 21:57:07.537855','2016-02-04 04:05:00.256836',NULL,NULL,'Juan Manuel','Cerrat','','M','1076-02-03','000-0000000-0','',1,NULL,NULL,1,NULL,1,NULL,21,3,'jmcerra@hotmail.com');
INSERT INTO "people_person" VALUES(19,'2016-02-03 22:09:14.605542','2016-02-04 04:04:48.040264',NULL,NULL,'Rosa María','Fernandez','','F','1971-02-03','000-0000000-0','',1,NULL,NULL,1,NULL,1,NULL,21,3,'rmfernandez@hotmail.com');
INSERT INTO "people_person" VALUES(20,'2016-02-04 03:50:32.886025','2016-02-04 03:50:32.911648',NULL,NULL,'Ana','Simó','','F','1974-02-03','000-0000000-0','',1,NULL,NULL,1,NULL,2,NULL,21,3,'anasimo@centrovida.com');
INSERT INTO "people_person" VALUES(21,'2016-02-04 04:00:25.226462','2016-02-13 15:35:46.133740',NULL,NULL,'Plutarco','Arias','','M','1970-05-21','000-0000000-0','',1,NULL,NULL,1,NULL,2,NULL,21,3,'parias@hotmail.com');
INSERT INTO "people_person" VALUES(22,'2016-02-05 20:08:09.617458','2016-05-21 18:34:06.351608',NULL,NULL,'Vladimir Oscar','Gonzalez','','M','1975-02-05','000-0000000-0','people_pictures/persona5_nlCwhHC.jpg',1,NULL,NULL,1,NULL,2,NULL,21,2,'');
INSERT INTO "people_person" VALUES(23,'2016-02-05 21:22:42.503969','2016-05-21 18:30:34.291192',NULL,NULL,'Víctor Manuel','Ceballos','','M','1974-02-05','000-0000000-0','people_pictures/persona4.jpg',1,NULL,NULL,1,NULL,1,NULL,21,2,'');
INSERT INTO "people_person" VALUES(24,'2016-02-06 21:19:53.405986','2016-05-21 18:21:53.959938',NULL,NULL,'Marcos Eugenio','Mendez','','M','1989-02-06','000-0000000-0','people_pictures/persona5.jpg',1,NULL,NULL,1,NULL,3,NULL,21,2,'');
INSERT INTO "people_person" VALUES(25,'2016-02-07 19:32:20.456826','2016-02-07 19:32:20.483808',NULL,NULL,'Carla Maria','Contreras','','F','1980-02-07',NULL,'',1,NULL,24,NULL,2,2,NULL,21,6,'');
INSERT INTO "people_person" VALUES(27,'2016-02-15 20:52:20.078015','2016-05-21 22:26:58.715139',NULL,NULL,'Gloria María','Encarnación','','F','1950-02-15','000-0000000-0','people_pictures/persona2_miSxdNH.jpg',1,NULL,NULL,1,NULL,4,NULL,21,2,'gencarnacion@gmail.com');
INSERT INTO "people_person" VALUES(28,'2016-02-15 20:52:20.125034','2016-02-15 20:52:20.172878',NULL,NULL,'Laura','María','Encarnación','F','2000-02-15',NULL,'',1,NULL,27,NULL,3,1,NULL,21,6,'');
INSERT INTO "people_person" VALUES(29,'2016-02-15 21:56:26.717162','2016-05-21 18:33:18.682359',NULL,NULL,'Rosa Emilia','Perez','Martinez','F','1978-02-15','000-0000000-0','people_pictures/persona1_DUQwMRB.png',1,NULL,NULL,1,NULL,1,NULL,21,2,'');
INSERT INTO "people_person" VALUES(30,'2016-02-15 21:56:26.787245','2016-02-15 21:56:26.833575',NULL,NULL,'Marcos','Perez','','M','2000-02-15',NULL,'',1,NULL,29,NULL,3,1,NULL,21,6,'');
INSERT INTO "people_person" VALUES(31,'2016-02-15 22:22:02.592835','2016-05-21 18:32:41.284381',NULL,NULL,'Cristina María','Fernandez','','F','1978-02-15','000-0000000-0','people_pictures/persona2_kUn6SwB.jpg',1,NULL,NULL,1,NULL,2,NULL,21,2,'');
INSERT INTO "people_person" VALUES(32,'2016-02-15 22:22:02.642126','2016-02-15 22:22:02.680409',NULL,NULL,'Ana','Torres','Fernandez','F','2005-02-15',NULL,'',1,NULL,31,NULL,4,1,NULL,21,6,'');
INSERT INTO "people_person" VALUES(33,'2016-02-16 00:20:56.529734','2016-05-21 18:31:40.259716',NULL,NULL,'Marta','Santos','','F','1975-02-15','000-0000000-0','people_pictures/persona1_O8EtiKx.png',1,NULL,NULL,1,NULL,1,NULL,21,2,'');
INSERT INTO "people_person" VALUES(35,'2016-02-16 02:48:52.620281','2016-05-21 18:31:55.711378',NULL,NULL,'Wanda','Gonzalez','','F','1974-02-15','000-0000000-0','people_pictures/persona2_UMMGUcA.jpg',1,NULL,NULL,1,NULL,1,NULL,21,2,'');
INSERT INTO "people_person" VALUES(36,'2016-02-16 02:49:48.850445','2016-02-16 02:49:48.893286',NULL,NULL,'Ariel','Gonzalez','','M','2010-02-15',NULL,'',1,NULL,35,NULL,3,1,NULL,21,6,'');
INSERT INTO "people_person" VALUES(37,'2016-02-16 02:53:03.986266','2016-02-16 02:53:04.042681',NULL,NULL,'Angela','Gonzalez','','F','2000-02-15',NULL,'',1,NULL,35,NULL,4,1,NULL,21,6,'');
INSERT INTO "people_person" VALUES(38,'2016-04-09 22:28:41.483908','2016-05-21 18:19:36.420341',NULL,NULL,'Orfilia','Diaz','','F','1965-02-06','000-0000000-0','people_pictures/persona1.png',1,NULL,NULL,2,NULL,2,NULL,36,2,'odiaz@hotmail.com');
INSERT INTO "people_person" VALUES(39,'2016-05-13 15:54:31.278328','2016-05-13 15:54:31.305319',NULL,NULL,'Juan Jose','Contreras','Diaz','M','1976-05-12',NULL,'',1,NULL,38,NULL,3,1,NULL,21,6,'');
INSERT INTO "people_person" VALUES(40,'2016-05-13 15:55:39.016544','2016-05-13 15:55:39.049215',NULL,NULL,'Ana María','Contreras','','F','1996-05-13',NULL,'',1,NULL,38,NULL,4,1,NULL,21,6,'');
CREATE TABLE "housing_house_part" ("id" integer NOT NULL PRIMARY KEY AUTOINCREMENT, "name" varchar(20) NOT NULL UNIQUE);
INSERT INTO "housing_house_part" VALUES(1,'Ceilling');
INSERT INTO "housing_house_part" VALUES(2,'Wall');
INSERT INTO "housing_house_part" VALUES(3,'Floor');
CREATE TABLE "housing_house_material" ("id" integer NOT NULL PRIMARY KEY AUTOINCREMENT, "name" varchar(20) NOT NULL, "house_part_id" integer NOT NULL REFERENCES "housing_house_part" ("id"));
INSERT INTO "housing_house_material" VALUES(1,'Concrete',1);
INSERT INTO "housing_house_material" VALUES(2,'Zink',1);
INSERT INTO "housing_house_material" VALUES(3,'Wood',1);
INSERT INTO "housing_house_material" VALUES(4,'Concrete',2);
INSERT INTO "housing_house_material" VALUES(5,'Wood',2);
INSERT INTO "housing_house_material" VALUES(6,'Zink',2);
INSERT INTO "housing_house_material" VALUES(7,'Concrete',3);
INSERT INTO "housing_house_material" VALUES(8,'Wood',3);
INSERT INTO "housing_house_material" VALUES(9,'Earth',3);
CREATE TABLE "commons_academic_level" ("id" integer NOT NULL PRIMARY KEY AUTOINCREMENT, "name" varchar(45) NOT NULL UNIQUE);
INSERT INTO "commons_academic_level" VALUES(1,'Primary');
INSERT INTO "commons_academic_level" VALUES(2,'High school');
INSERT INTO "commons_academic_level" VALUES(3,'University');
INSERT INTO "commons_academic_level" VALUES(4,'Magister');
CREATE TABLE "commons_document_type" ("id" integer NOT NULL PRIMARY KEY AUTOINCREMENT, "name" varchar(20) NOT NULL UNIQUE);
INSERT INTO "commons_document_type" VALUES(1,'Document ID');
INSERT INTO "commons_document_type" VALUES(2,'Passport');
CREATE TABLE "members_member" ("person_ptr_id" integer NOT NULL PRIMARY KEY REFERENCES "people_person" ("id"), "member_number" integer NOT NULL UNIQUE, "currently_works" bool NOT NULL, "where_work" varchar(100) NULL, "observations" text NULL, "is_mother" bool NOT NULL, "academic_level_id" integer NOT NULL REFERENCES "commons_academic_level" ("id"), "cane_number_id" integer NOT NULL REFERENCES "members_cane" ("id"), "occupation_id" integer NULL REFERENCES "members_ocupation" ("id"));
INSERT INTO "members_member" VALUES(3,1,0,'','',1,3,4,NULL);
INSERT INTO "members_member" VALUES(11,2,0,'','',0,2,3,NULL);
INSERT INTO "members_member" VALUES(15,3,0,'','',0,3,4,NULL);
INSERT INTO "members_member" VALUES(22,4,0,'','',0,2,4,NULL);
INSERT INTO "members_member" VALUES(23,5,0,'','',0,1,6,NULL);
INSERT INTO "members_member" VALUES(24,6,0,'','',0,2,3,1);
INSERT INTO "members_member" VALUES(27,7,1,'Claro Dominicana','',1,1,4,2);
INSERT INTO "members_member" VALUES(29,8,1,'Centro de masajes Tacto','',1,2,4,1);
INSERT INTO "members_member" VALUES(31,9,0,'Centro de masajes Tacto','',1,3,3,1);
INSERT INTO "members_member" VALUES(33,10,1,'Claro Dominicana','',0,2,4,2);
INSERT INTO "members_member" VALUES(35,11,1,'Centro de masajes Tacto','',1,2,3,1);
INSERT INTO "members_member" VALUES(38,12,1,'UTESA','',1,3,1,3);
CREATE TABLE "members_house" ("id" integer NOT NULL PRIMARY KEY AUTOINCREMENT, "floor_id" integer NOT NULL REFERENCES "housing_house_material" ("id"), "member_name_id" integer NOT NULL REFERENCES "members_member" ("person_ptr_id"), "property_type_id" integer NOT NULL REFERENCES "housing_property_type" ("id"), "wall_id" integer NOT NULL REFERENCES "housing_house_material" ("id"), "ceiling_id" integer NOT NULL REFERENCES "housing_house_material" ("id"));
INSERT INTO "members_house" VALUES(1,9,24,1,5,1);
INSERT INTO "members_house" VALUES(2,9,23,2,5,1);
INSERT INTO "members_house" VALUES(3,7,15,2,4,1);
INSERT INTO "members_house" VALUES(4,7,22,3,5,1);
INSERT INTO "members_house" VALUES(5,7,11,2,4,1);
INSERT INTO "members_house" VALUES(6,7,3,2,4,1);
INSERT INTO "members_house" VALUES(7,8,27,2,5,2);
INSERT INTO "members_house" VALUES(8,7,29,2,4,1);
INSERT INTO "members_house" VALUES(9,8,31,1,4,1);
INSERT INTO "members_house" VALUES(10,7,33,3,4,1);
INSERT INTO "members_house" VALUES(11,7,35,2,4,1);
INSERT INTO "members_house" VALUES(12,7,38,1,4,2);
CREATE TABLE "report_builder_displayfield" ("id" integer NOT NULL PRIMARY KEY AUTOINCREMENT, "path" varchar(2000) NOT NULL, "path_verbose" varchar(2000) NOT NULL, "field" varchar(2000) NOT NULL, "field_verbose" varchar(2000) NOT NULL, "name" varchar(2000) NOT NULL, "sort" integer NULL, "width" integer NOT NULL, "aggregate" varchar(5) NOT NULL, "position" smallint unsigned NULL, "total" bool NOT NULL, "group" bool NOT NULL, "display_format_id" integer NULL REFERENCES "report_builder_format" ("id"), "report_id" integer NOT NULL REFERENCES "report_builder_report" ("id"), "sort_reverse" bool NOT NULL);
CREATE TABLE "report_builder_format" ("id" integer NOT NULL PRIMARY KEY AUTOINCREMENT, "name" varchar(50) NOT NULL, "string" varchar(300) NOT NULL);
CREATE TABLE "report_builder_report" ("id" integer NOT NULL PRIMARY KEY AUTOINCREMENT, "name" varchar(255) NOT NULL, "description" text NOT NULL, "created" date NOT NULL, "modified" date NOT NULL, "distinct" bool NOT NULL, "report_file" varchar(100) NOT NULL, "report_file_creation" datetime NULL, "root_model_id" integer NOT NULL REFERENCES "django_content_type" ("id"), "user_created_id" integer NULL REFERENCES "auth_user" ("id"), "user_modified_id" integer NULL REFERENCES "auth_user" ("id"), "slug" varchar(50) NOT NULL);
INSERT INTO "report_builder_report" VALUES(1,'Reporte de miembros por nivel educativo.','','2016-05-15','2016-05-15',0,'',NULL,37,1,1,'reporte-de-miembros-por-nivel-educativo');
CREATE TABLE "report_builder_report_starred" ("id" integer NOT NULL PRIMARY KEY AUTOINCREMENT, "report_id" integer NOT NULL REFERENCES "report_builder_report" ("id"), "user_id" integer NOT NULL REFERENCES "auth_user" ("id"), UNIQUE ("report_id", "user_id"));
INSERT INTO "report_builder_report_starred" VALUES(2,1,1);
CREATE TABLE "report_builder_filterfield" ("id" integer NOT NULL PRIMARY KEY AUTOINCREMENT, "path" varchar(2000) NOT NULL, "path_verbose" varchar(2000) NOT NULL, "field" varchar(2000) NOT NULL, "field_verbose" varchar(2000) NOT NULL, "filter_value" varchar(2000) NOT NULL, "filter_value2" varchar(2000) NOT NULL, "exclude" bool NOT NULL, "position" smallint unsigned NULL, "report_id" integer NOT NULL REFERENCES "report_builder_report" ("id"), "filter_type" varchar(20) NOT NULL);
CREATE TABLE "doctors_appointment" ("id" integer NOT NULL PRIMARY KEY AUTOINCREMENT, "symptomatology" text NOT NULL, "prescription" text NULL, "date_next_appoitment" date NULL, "clinic_id" integer NOT NULL REFERENCES "suppliers_supplier_company" ("id"), "doctor_id" integer NOT NULL REFERENCES "doctors_doctor" ("person_ptr_id"), "member_id" integer NOT NULL REFERENCES "members_member" ("person_ptr_id"), "appointment_date" date NOT NULL, UNIQUE ("member_id", "doctor_id", "appointment_date"));
INSERT INTO "doctors_appointment" VALUES(1,'fghjklf','','2016-02-26',2,5,3,'2016-01-29');
INSERT INTO "doctors_appointment" VALUES(2,'bla-bla, bla-bla, bla-bla, bla-bla, bla-bla, bla-bla, bla-bla, bla-bla, bla-bla, ','bla-bla, bla-bla, bla-bla, bla-bla, bla-bla, bla-bla, bla-bla, bla-bla, bla-bla, bla-bla, bla-bla, bla-bla, ',NULL,4,21,15,'2016-02-04');
INSERT INTO "doctors_appointment" VALUES(3,'bla-bla, bla-bla, bla-bla, bla-bla, bla-bla, bla-bla, bla-bla, bla-bla, ','bla-bla, bla-bla, bla-bla, bla-bla, bla-bla, bla-bla, bla-bla, bla-bla, bla-bla, bla-bla, bla-bla, ',NULL,10,18,11,'2016-02-04');
INSERT INTO "doctors_appointment" VALUES(4,'bla-bla, bla-bla, bla-bla, bla-bla, bla-bla, bla-bla, bla-bla, bla-bla, bla-bla, bla-bla, ','bla-bla, bla-bla, bla-bla, bla-bla, bla-bla, bla-bla, bla-bla, bla-bla, bla-bla, ',NULL,4,17,3,'2016-02-04');
INSERT INTO "doctors_appointment" VALUES(5,'fghfjhgfhgjhghghgcjhg','jyfgkhfhkgfkhgfkhg',NULL,10,18,24,'2016-02-13');
INSERT INTO "doctors_appointment" VALUES(6,'qwertyuiop','','2016-05-31',1,17,33,'2016-05-21');
DELETE FROM sqlite_sequence;
INSERT INTO "sqlite_sequence" VALUES('django_migrations',85);
INSERT INTO "sqlite_sequence" VALUES('django_content_type',63);
INSERT INTO "sqlite_sequence" VALUES('auth_permission',195);
INSERT INTO "sqlite_sequence" VALUES('auth_user',3);
INSERT INTO "sqlite_sequence" VALUES('location_province',32);
INSERT INTO "sqlite_sequence" VALUES('auth_group',4);
INSERT INTO "sqlite_sequence" VALUES('location_address_type',3);
INSERT INTO "sqlite_sequence" VALUES('location_country',1);
INSERT INTO "sqlite_sequence" VALUES('location_nationality',82);
INSERT INTO "sqlite_sequence" VALUES('location_region',3);
INSERT INTO "sqlite_sequence" VALUES('location_town',226);
INSERT INTO "sqlite_sequence" VALUES('commons_kinship',6);
INSERT INTO "sqlite_sequence" VALUES('commons_marital_status',4);
INSERT INTO "sqlite_sequence" VALUES('commons_phone_type',4);
INSERT INTO "sqlite_sequence" VALUES('housing_property_type',3);
INSERT INTO "sqlite_sequence" VALUES('members_cane',6);
INSERT INTO "sqlite_sequence" VALUES('members_disability',5);
INSERT INTO "sqlite_sequence" VALUES('members_occupation',3);
INSERT INTO "sqlite_sequence" VALUES('doctors_speciality',62);
INSERT INTO "sqlite_sequence" VALUES('doctors_medicine',18);
INSERT INTO "sqlite_sequence" VALUES('employees_department',5);
INSERT INTO "sqlite_sequence" VALUES('employees_employee_type',3);
INSERT INTO "sqlite_sequence" VALUES('employees_workday',7);
INSERT INTO "sqlite_sequence" VALUES('employees_work_schedule',1);
INSERT INTO "sqlite_sequence" VALUES('employees_work_schedule_workdays',10);
INSERT INTO "sqlite_sequence" VALUES('commons_person_type',6);
INSERT INTO "sqlite_sequence" VALUES('suppliers_suppliertype',3);
INSERT INTO "sqlite_sequence" VALUES('django_admin_log',236);
INSERT INTO "sqlite_sequence" VALUES('auth_group_permissions',131);
INSERT INTO "sqlite_sequence" VALUES('auth_user_groups',8);
INSERT INTO "sqlite_sequence" VALUES('members_member_disabilities',114);
INSERT INTO "sqlite_sequence" VALUES('doctors_doctor_specialities',23);
INSERT INTO "sqlite_sequence" VALUES('doctors_doctor_clinic',33);
INSERT INTO "sqlite_sequence" VALUES('suppliers_supplier_company',12);
INSERT INTO "sqlite_sequence" VALUES('doctors_prescribed_medicines',7);
INSERT INTO "sqlite_sequence" VALUES('employees_position_levels',5);
INSERT INTO "sqlite_sequence" VALUES('employees_position',6);
INSERT INTO "sqlite_sequence" VALUES('people_person_address',19);
INSERT INTO "sqlite_sequence" VALUES('people_person_phone',43);
INSERT INTO "sqlite_sequence" VALUES('people_person',40);
INSERT INTO "sqlite_sequence" VALUES('housing_house_part',3);
INSERT INTO "sqlite_sequence" VALUES('housing_house_material',9);
INSERT INTO "sqlite_sequence" VALUES('commons_academic_level',4);
INSERT INTO "sqlite_sequence" VALUES('commons_document_type',2);
INSERT INTO "sqlite_sequence" VALUES('members_house',12);
INSERT INTO "sqlite_sequence" VALUES('report_builder_displayfield',0);
INSERT INTO "sqlite_sequence" VALUES('report_builder_format',0);
INSERT INTO "sqlite_sequence" VALUES('report_builder_report',1);
INSERT INTO "sqlite_sequence" VALUES('report_builder_report_starred',2);
INSERT INTO "sqlite_sequence" VALUES('report_builder_filterfield',0);
INSERT INTO "sqlite_sequence" VALUES('doctors_appointment',6);
CREATE INDEX "auth_group_permissions_0e939a4f" ON "auth_group_permissions" ("group_id");
CREATE INDEX "auth_group_permissions_8373b171" ON "auth_group_permissions" ("permission_id");
CREATE INDEX "auth_user_groups_e8701ad4" ON "auth_user_groups" ("user_id");
CREATE INDEX "auth_user_groups_0e939a4f" ON "auth_user_groups" ("group_id");
CREATE INDEX "auth_user_user_permissions_e8701ad4" ON "auth_user_user_permissions" ("user_id");
CREATE INDEX "auth_user_user_permissions_8373b171" ON "auth_user_user_permissions" ("permission_id");
CREATE INDEX "django_admin_log_417f1b1c" ON "django_admin_log" ("content_type_id");
CREATE INDEX "django_admin_log_e8701ad4" ON "django_admin_log" ("user_id");
CREATE INDEX "auth_permission_417f1b1c" ON "auth_permission" ("content_type_id");
CREATE INDEX "django_session_de54fa62" ON "django_session" ("expire_date");
CREATE INDEX "location_town_4a5754ed" ON "location_town" ("province_id");
CREATE INDEX "location_province_0f442f96" ON "location_province" ("region_id");
CREATE INDEX "employees_work_schedule_workdays_11c9f072" ON "employees_work_schedule_workdays" ("workschedule_id");
CREATE INDEX "employees_work_schedule_workdays_21df84d2" ON "employees_work_schedule_workdays" ("workday_id");
CREATE INDEX "doctors_prescribed_medicines_54c91d3b" ON "doctors_prescribed_medicines" ("appointment_id");
CREATE INDEX "doctors_prescribed_medicines_a1357b6a" ON "doctors_prescribed_medicines" ("medicine_id");
CREATE INDEX "doctors_doctor_specialities_d4d6bd50" ON "doctors_doctor_specialities" ("doctor_id");
CREATE INDEX "doctors_doctor_specialities_66db61fe" ON "doctors_doctor_specialities" ("speciality_id");
CREATE INDEX "suppliers_suppliercontact_664f8863" ON "suppliers_suppliercontact" ("supplier_company_id");
CREATE INDEX "doctors_doctor_clinic_d4d6bd50" ON "doctors_doctor_clinic" ("doctor_id");
CREATE INDEX "doctors_doctor_clinic_d06b3462" ON "doctors_doctor_clinic" ("clinic_id");
CREATE INDEX "suppliers_supplier_company_93bfec8a" ON "suppliers_supplier_company" ("country_id");
CREATE INDEX "suppliers_supplier_company_4a5754ed" ON "suppliers_supplier_company" ("province_id");
CREATE INDEX "suppliers_supplier_company_80e9f6d4" ON "suppliers_supplier_company" ("supplier_type_id");
CREATE INDEX "suppliers_supplier_company_9534176a" ON "suppliers_supplier_company" ("town_id");
CREATE INDEX "suppliers_supplier_company_0f442f96" ON "suppliers_supplier_company" ("region_id");
CREATE INDEX "employees_position_bf691be4" ON "employees_position" ("department_id");
CREATE INDEX "employees_position_25e41b6e" ON "employees_position" ("position_level_id");
CREATE INDEX "employees_employee_bf691be4" ON "employees_employee" ("department_id");
CREATE INDEX "employees_employee_83590748" ON "employees_employee" ("employee_type_id");
CREATE INDEX "employees_employee_bce5bd07" ON "employees_employee" ("position_id");
CREATE INDEX "employees_employee_5809ec1a" ON "employees_employee" ("workSchedule_id");
CREATE INDEX "employees_employee_9a41005a" ON "employees_employee" ("academic_level_id");
CREATE INDEX "people_person_address_18232d5b" ON "people_person_address" ("address_type_id");
CREATE INDEX "people_person_address_93bfec8a" ON "people_person_address" ("country_id");
CREATE INDEX "people_person_address_0be13933" ON "people_person_address" ("person_name_id");
CREATE INDEX "people_person_address_4a5754ed" ON "people_person_address" ("province_id");
CREATE INDEX "people_person_address_0f442f96" ON "people_person_address" ("region_id");
CREATE INDEX "people_person_address_9534176a" ON "people_person_address" ("town_id");
CREATE INDEX "people_person_phone_0be13933" ON "people_person_phone" ("person_name_id");
CREATE INDEX "people_person_phone_177d5f16" ON "people_person_phone" ("phone_type_id");
CREATE INDEX "people_person_e93cb7eb" ON "people_person" ("created_by_id");
CREATE INDEX "people_person_e68927fe" ON "people_person" ("dependent_of_id");
CREATE INDEX "people_person_bd49ca7f" ON "people_person" ("document_type_id");
CREATE INDEX "people_person_1c0e99d9" ON "people_person" ("kinship_id");
CREATE INDEX "people_person_a37b2a05" ON "people_person" ("marital_status_id");
CREATE INDEX "people_person_b3da0983" ON "people_person" ("modified_by_id");
CREATE INDEX "people_person_663581ef" ON "people_person" ("nationality_id");
CREATE INDEX "people_person_c9aa9980" ON "people_person" ("person_type_id");
CREATE INDEX "housing_house_material_08033f8b" ON "housing_house_material" ("house_part_id");
CREATE INDEX "members_member_9a41005a" ON "members_member" ("academic_level_id");
CREATE INDEX "members_member_a35ee834" ON "members_member" ("cane_number_id");
CREATE INDEX "members_member_b3a8f282" ON "members_member" ("occupation_id");
CREATE INDEX "members_house_9643d2e5" ON "members_house" ("floor_id");
CREATE INDEX "members_house_641accbc" ON "members_house" ("member_name_id");
CREATE INDEX "members_house_aebbaf22" ON "members_house" ("property_type_id");
CREATE INDEX "members_house_a3b09d95" ON "members_house" ("wall_id");
CREATE INDEX "members_house_cfa4fe30" ON "members_house" ("ceiling_id");
CREATE INDEX "report_builder_displayfield_e648f564" ON "report_builder_displayfield" ("display_format_id");
CREATE INDEX "report_builder_displayfield_6f78b20c" ON "report_builder_displayfield" ("report_id");
CREATE INDEX "report_builder_report_a2fd02a8" ON "report_builder_report" ("root_model_id");
CREATE INDEX "report_builder_report_f07db5fb" ON "report_builder_report" ("user_created_id");
CREATE INDEX "report_builder_report_a39a1b44" ON "report_builder_report" ("user_modified_id");
CREATE INDEX "report_builder_report_2dbcba41" ON "report_builder_report" ("slug");
CREATE INDEX "report_builder_report_starred_6f78b20c" ON "report_builder_report_starred" ("report_id");
CREATE INDEX "report_builder_report_starred_e8701ad4" ON "report_builder_report_starred" ("user_id");
CREATE INDEX "report_builder_filterfield_6f78b20c" ON "report_builder_filterfield" ("report_id");
CREATE INDEX "doctors_appointment_d06b3462" ON "doctors_appointment" ("clinic_id");
CREATE INDEX "doctors_appointment_d4d6bd50" ON "doctors_appointment" ("doctor_id");
CREATE INDEX "doctors_appointment_b5c3e75b" ON "doctors_appointment" ("member_id");
COMMIT;
